D,rho,support_regime,legacy_loss,geometry_loss,loss_diff,ci_low,ci_high,p_exact,rank_biserial_loss,legacy_Accuracy,geometry_Accuracy,legacy_MacroF1,geometry_MacroF1,legacy_q_correct,geometry_q_correct,legacy_q_wrong,geometry_q_wrong,legacy_q_separation,geometry_q_separation,legacy_delta_c,geometry_delta_c,legacy_A_H,geometry_A_H,legacy_A_M,geometry_A_M,legacy_A_M_over_A_H,geometry_A_M_over_A_H,legacy_tie_rate,geometry_tie_rate,legacy_score_margin,geometry_score_margin,failure_count,n,holm_p
2,0.3,binary_support,0.0020849130195998,0.0020849130195998,0.0,0.0,0.0,1.0,0.0,0.9979150869804002,0.9979150869804002,0.9979067218705584,0.9979067218705584,1.0,1.0,0.1666666666666666,0.1666666666666666,0.8333333333333333,0.8333333333333333,0.4851266074408848,0.4851266074408848,0.5257928565149819,0.5257928565149819,0.0836216245919375,0.0836216245919375,0.1615901323510185,0.1615901323510185,0.0007785652920962,0.0007785652920962,0.846924249151364,0.846924249151364,0,20,1.0
2,0.3,full_support,0.0020849130195998,0.0020849130195998,0.0,0.0,0.0,1.0,0.0,0.9979150869804002,0.9979150869804002,0.9979067218705584,0.9979067218705584,1.0,1.0,0.1666666666666666,0.1666666666666666,0.8333333333333333,0.8333333333333333,0.4851266074408848,0.4851266074408848,0.5257928565149819,0.5257928565149819,0.0836216245919375,0.0836216245919375,0.1615901323510185,0.1615901323510185,0.0007785652920962,0.0007785652920962,0.846924249151364,0.846924249151364,0,20,1.0
2,0.5,binary_support,0.1468552073423645,0.1468552073423645,0.0,0.0,0.0,1.0,0.0,0.8531447926576355,0.8531447926576355,0.852202980400264,0.852202980400264,1.0,1.0,0.1666666666666666,0.1666666666666666,0.8333333333333333,0.8333333333333333,0.4814754614008291,0.4814754614008291,0.4703466077638767,0.4703466077638767,0.1200807234906458,0.1200807234906458,0.2685139295006439,0.2685139295006439,0.0115367941648756,0.0115367941648756,0.6998741898194674,0.6998741898194674,0,20,1.0
2,0.5,full_support,0.1468552073423645,0.1468552073423645,0.0,0.0,0.0,1.0,0.0,0.8531447926576355,0.8531447926576355,0.852202980400264,0.852202980400264,1.0,1.0,0.1666666666666666,0.1666666666666666,0.8333333333333333,0.8333333333333333,0.4814754614008291,0.4814754614008291,0.4703466077638767,0.4703466077638767,0.1200807234906458,0.1200807234906458,0.2685139295006439,0.2685139295006439,0.0115367941648756,0.0115367941648756,0.6998741898194674,0.6998741898194674,0,20,1.0
2,0.7,binary_support,0.6554021788525579,0.6554021788525579,0.0,0.0,0.0,1.0,0.0,0.3445978211474421,0.3445978211474421,0.343545073554289,0.343545073554289,1.0,1.0,0.1666666666666667,0.1666666666666667,0.8333333333333333,0.8333333333333333,0.48163384864572,0.48163384864572,0.3153651457379812,0.3153651457379812,0.219191956337655,0.219191956337655,0.7944021602155854,0.7944021602155854,0.0,0.0,0.6630586735599305,0.6630586735599305,0,20,1.0
2,0.7,full_support,0.6554021788525579,0.6554021788525579,0.0,0.0,0.0,1.0,0.0,0.3445978211474421,0.3445978211474421,0.343545073554289,0.343545073554289,1.0,1.0,0.1666666666666667,0.1666666666666667,0.8333333333333333,0.8333333333333333,0.48163384864572,0.48163384864572,0.3153651457379812,0.3153651457379812,0.219191956337655,0.219191956337655,0.7944021602155854,0.7944021602155854,0.0,0.0,0.6630586735599305,0.6630586735599305,0,20,1.0
4,0.3,binary_support,0.002082228311696,0.0015640796862665,-0.0005181486254295,-0.0012967139175257,0.0,0.5,-1.0,0.997917771688304,0.9984359203137334,0.9979424362184842,0.9984430366923396,1.0,1.0,0.2857142857142857,0.1666666666666666,0.7142857142857143,0.8333333333333333,0.4350267517534308,0.4851266074408848,0.5396109193364741,0.5257928565149819,0.1481942401795918,0.0836216245919375,0.2786592096977474,0.1615901323510185,0.0007785652920962,0.0007785652920962,0.7130199162875637,0.846924249151364,0,20,1.0
4,0.3,full_support,0.0,0.0,0.0,0.0,0.0,1.0,0.0,1.0,1.0,1.0,1.0,1.0,1.0,0.2857142857142857,0.1666666666666666,0.7142857142857143,0.8333333333333333,0.4350267517534308,0.4851266074408848,0.5443674652996131,0.529303021435082,0.143277765156821,0.0820900710898366,0.2668200467336518,0.1574398569632088,0.0,0.0,0.7678681309708357,0.8749276242027454,0,20,1.0
4,0.5,binary_support,0.1717669739759262,0.1447594144115215,-0.0270075595644047,-0.0341092847950318,-0.0202231011986061,1.9073486328125e-06,-1.0,0.8282330260240738,0.8552405855884786,0.8263437762040539,0.8535777492596199,1.0,1.0,0.2857142857142857,0.1666666666666666,0.7142857142857143,0.8333333333333333,0.431687552829633,0.4814754614008291,0.4817387021997348,0.4703466077638767,0.1896786751012242,0.1200807234906458,0.4069179456671129,0.2685139295006439,0.0115367941648756,0.0115367941648756,0.4506510174482758,0.6998741898194674,0,20,5.7220458984375e-05
4,0.5,full_support,0.0805069404030146,0.0697838807277999,-0.0107230596752147,-0.014648210018606,-0.0073587977032122,3.814697265625e-06,-1.0,0.9194930595969852,0.9302161192722,0.9180196165052884,0.9290240428817588,1.0,1.0,0.2857142857142857,0.1666666666666666,0.7142857142857143,0.8333333333333333,0.431687552829633,0.4814754614008291,0.4932683827166529,0.4859697152075894,0.1753269072402936,0.103282074090246,0.3661800447606838,0.2208541607431228,0.0091322562817116,0.0091322562817116,0.5020793183670004,0.7263130390396648,0,20,6.103515625e-05
4,0.7,binary_support,0.7940870464354151,0.6554021788525579,-0.1386848675828572,-0.1638754727590691,-0.1113962611513027,1.9073486328125e-06,-1.0,0.2059129535645849,0.3445978211474421,0.2044075697007391,0.3431723078791292,1.0,1.0,0.2857142857142857,0.1666666666666667,0.7142857142857143,0.8333333333333333,0.4319566213609629,0.48163384864572,0.3522346516392238,0.3153651457379812,0.2756289103132826,0.219191956337655,0.8188243760353986,0.7944021602155854,0.0,0.0,0.4379991400275846,0.6630586735599305,0,20,5.7220458984375e-05
4,0.7,full_support,0.7153561981384776,0.5720194456511066,-0.1433367524873709,-0.1654484134390469,-0.1193668496044846,1.9073486328125e-06,-1.0,0.2846438018615224,0.4279805543488933,0.2830896132553088,0.4258058354199184,1.0,1.0,0.2857142857142857,0.1666666666666667,0.7142857142857143,0.8333333333333333,0.4319566213609629,0.48163384864572,0.3411909075440669,0.309736512240836,0.2644986252862523,0.2050015567559872,0.8261708799644042,0.8051771507767725,0.0,0.0,0.3889847156149135,0.6368860198065069,0,20,5.7220458984375e-05
8,0.3,binary_support,0.0026113436532414,0.0015640796862665,-0.0010472639669749,-0.0020892198936314,-0.0002577319587628,0.125,-1.0,0.9973886563467586,0.9984359203137334,0.9975629548142434,0.9984998918800572,1.0,1.0,0.4444444444444445,0.1666666666666666,0.5555555555555555,0.8333333333333333,0.35971146915765,0.4851266074408848,0.5673705681490466,0.5257928565149819,0.2563631313554461,0.0836216245919375,0.4567420527250285,0.1615901323510185,0.0007785652920962,0.0007785652920962,0.5508201133155507,0.846924249151364,0,20,1.0
8,0.3,full_support,0.0,0.0,0.0,0.0,0.0,1.0,0.0,1.0,1.0,1.0,1.0,1.0,1.0,0.4444444444444445,0.1666666666666666,0.5555555555555555,0.8333333333333333,0.35971146915765,0.4851266074408848,0.5710948894504516,0.5301395665980657,0.2448971101796065,0.0817935790918855,0.4333131454459527,0.1566045972167855,0.0,0.0,0.6487775659302097,0.8824140513428427,0,20,1.0
8,0.5,binary_support,0.2331301356324815,0.1437148916726167,-0.0894152439598647,-0.1065868580169776,-0.0729739746820101,1.9073486328125e-06,-1.0,0.7668698643675185,0.8562851083273832,0.7627656306303485,0.8521850037272791,1.0,1.0,0.4444444444444445,0.1666666666666666,0.5555555555555556,0.8333333333333333,0.3568828371769658,0.4814754614008291,0.5225117118008862,0.4703466077638767,0.3016648880386683,0.1200807234906458,0.5863042864342283,0.2685139295006439,0.0115367941648756,0.0115367941648756,0.246123381430081,0.6998741898194674,0,20,5.7220458984375e-05
8,0.5,full_support,0.0739282301800794,0.0502004555492025,-0.0237277746308768,-0.0330358774883706,-0.0148738408793747,6.103515625e-05,-0.9607843137254902,0.9260717698199208,0.9497995444507976,0.9241766697016722,0.9483263227020368,1.0,1.0,0.4444444444444445,0.1666666666666666,0.5555555555555556,0.8333333333333333,0.3568828371769658,0.4814754614008291,0.5260733886369758,0.4906269254122398,0.2867099989787999,0.0992845024616195,0.5537730728972906,0.2096677509201535,0.0114844781617809,0.0114844781617809,0.3119425447942447,0.7346178278236665,0,20,0.00091552734375
8,0.7,binary_support,0.9344523144969172,0.6554021788525579,-0.2790501356443592,-0.341192100165869,-0.2157209372018037,1.9073486328125e-06,-1.0,0.0655476855030828,0.3445978211474421,0.0647531363737481,0.3418386459572815,1.0,1.0,0.4444444444444445,0.1666666666666667,0.5555555555555555,0.8333333333333333,0.3572397314931935,0.48163384864572,0.4415224632957351,0.3153651457379812,0.3602931214380372,0.219191956337655,0.8289102467905305,0.7944021602155854,0.0,0.0,0.3497593663451749,0.6630586735599305,0,20,5.7220458984375e-05
8,0.7,full_support,0.8932039111312102,0.542532103320711,-0.3506718078104991,-0.41530331671993,-0.2839891448521885,1.9073486328125e-06,-1.0,0.1067960888687898,0.457467896679289,0.1057247282464179,0.4536944348616634,1.0,1.0,0.4444444444444445,0.1666666666666667,0.5555555555555555,0.8333333333333333,0.3572397314931935,0.48163384864572,0.4245306149389291,0.3105268366600346,0.3523207258120422,0.2005673358576471,0.8459205545578617,0.8020156401007293,0.0,0.0,0.2798655440853272,0.63143113277499,0,20,5.7220458984375e-05
16,0.3,binary_support,0.0041765990102032,0.0015640796862665,-0.0026125193239367,-0.0039296609758538,-0.0013049531812407,0.00390625,-1.0,0.9958234009897968,0.9984359203137334,0.996055501660808,0.9984452934771596,1.0,1.0,0.6153846153846152,0.1666666666666666,0.3846153846153847,0.8333333333333333,0.2663485297892935,0.4851266074408848,0.6038600127403113,0.5257928565149819,0.3851912501558711,0.0836216245919375,0.6421525104372753,0.1615901323510185,0.0007785652920962,0.0007785652920962,0.4217155382173404,0.846924249151364,0,20,0.05078125
16,0.3,full_support,0.0,0.0,0.0,0.0,0.0,1.0,0.0,1.0,1.0,1.0,1.0,1.0,1.0,0.6153846153846152,0.1666666666666666,0.3846153846153847,0.8333333333333333,0.2663485297892935,0.4851266074408848,0.6040999409339294,0.5304681705903282,0.3724630056740105,0.0816760951241169,0.6206942392363475,0.1562738744368165,0.0,0.0,0.5350361705720441,0.8854210478063849,0,20,1.0
16,0.5,binary_support,0.3298957319773768,0.1431954076484371,-0.1867003243289397,-0.2078727383778536,-0.1656782169450214,1.9073486328125e-06,-1.0,0.6701042680226231,0.8568045923515628,0.6590749080946157,0.8494512035292242,1.0,1.0,0.6153846153846152,0.1666666666666666,0.3846153846153847,0.8333333333333333,0.2642038792943166,0.4814754614008291,0.5757407404607816,0.4703466077638767,0.421509748298477,0.1200807234906458,0.7375885027098577,0.2685139295006439,0.0115367941648756,0.0115367941648756,0.1420661716508304,0.6998741898194674,0,20,5.7220458984375e-05
16,0.5,full_support,0.089622369150944,0.0436667025989721,-0.0459556665519719,-0.0604694086019442,-0.0327665040752474,1.9073486328125e-06,-1.0,0.910377630849056,0.956333297401028,0.9066302536350594,0.9542844313746264,1.0,1.0,0.6153846153846152,0.1666666666666666,0.3846153846153847,0.8333333333333333,0.2642038792943166,0.4814754614008291,0.5724094926129901,0.492581668943351,0.4111336059295111,0.097780688254423,0.7238823768821205,0.2052829139457116,0.0109775876544752,0.0109775876544752,0.1835243616524766,0.7389371829798467,0,20,5.7220458984375e-05
16,0.7,binary_support,0.9886240940150132,0.6554021788525579,-0.3332219151624553,-0.4118035896251883,-0.2529661468789537,1.9073486328125e-06,-1.0,0.0113759059849867,0.3445978211474421,0.0109405417521513,0.3370967780155667,1.0,1.0,0.6153846153846152,0.1666666666666667,0.3846153846153847,0.8333333333333333,0.2645703353227674,0.48163384864572,0.529775287142681,0.3153651457379812,0.4552346202868563,0.219191956337655,0.8656932295660515,0.7944021602155854,0.0,0.0,0.3391026637656452,0.6630586735599305,0,20,5.7220458984375e-05
16,0.7,full_support,0.981771395599881,0.5293735897248099,-0.452397805875071,-0.5467386948312397,-0.360070257947514,1.9073486328125e-06,-1.0,0.018228604400119,0.4706264102751901,0.0175633943557387,0.4614325926103488,1.0,1.0,0.6153846153846152,0.1666666666666667,0.3846153846153847,0.8333333333333333,0.2645703353227674,0.48163384864572,0.5145384496390528,0.3109902695651898,0.4508249763928773,0.1986434358647077,0.8832626564367049,0.801770393961298,0.0,0.0,0.2775820498815183,0.6300271524126392,0,20,5.7220458984375e-05
32,0.3,binary_support,0.0052266206082641,0.0013063477275036,-0.0039202728807604,-0.0054883990882533,-0.0023548299749366,0.00048828125,-1.0,0.994773379391736,0.9986936522724964,0.9935591039852968,0.9970141765913824,1.0,1.0,0.7619047619047619,0.1666666666666666,0.2380952380952381,0.8333333333333333,0.1748544201154405,0.4851266074408848,0.6362234422009453,0.5257928565149819,0.4988802630402896,0.0836216245919375,0.78712707340455,0.1615901323510185,0.0007785652920962,0.0007785652920962,0.3425115216868619,0.846924249151364,0,20,0.0068359375
32,0.3,full_support,0.0,0.0,0.0,0.0,0.0,1.0,0.0,1.0,1.0,0.9984375,0.9984375,1.0,1.0,0.7619047619047619,0.1666666666666666,0.2380952380952381,0.8333333333333333,0.1748544201154405,0.4851266074408848,0.6348388268214518,0.5306143543004038,0.4896323119914825,0.0816243932494701,0.77424538264641,0.1561278663867061,0.0,0.0,0.4549024234727093,0.8867341251085394,0,20,1.0
32,0.5,binary_support,0.4610360077882293,0.1426718330870336,-0.3183641747011956,-0.3404836762898521,-0.2958848648134789,1.9073486328125e-06,-1.0,0.5389639922117707,0.8573281669129663,0.5140007500282888,0.8440322543321821,1.0,1.0,0.7619047619047619,0.1666666666666666,0.2380952380952382,0.8333333333333333,0.1734199813236773,0.4814754614008291,0.6202426830002329,0.4703466077638767,0.5220393003665517,0.1200807234906458,0.8449827566620469,0.2685139295006439,0.0115367941648756,0.0115367941648756,0.1032639166143872,0.6998741898194674,0,20,5.7220458984375e-05
32,0.5,full_support,0.1446832694335734,0.0392157171468826,-0.1054675522866908,-0.1255484253352324,-0.0867138377297953,1.9073486328125e-06,-1.0,0.8553167305664265,0.9607842828531176,0.8379449286591857,0.954261473426372,1.0,1.0,0.7619047619047619,0.1666666666666666,0.2380952380952382,0.8333333333333333,0.1734199813236773,0.4814754614008291,0.6158795620220713,0.493329931476489,0.5161319316065712,0.0970961961950449,0.8414310569690124,0.2034159730952859,0.0117589372353013,0.0117589372353013,0.1155005214408189,0.7405363868138476,0,20,5.7220458984375e-05
32,0.7,binary_support,0.996848600437652,0.6554021788525579,-0.3414464215850942,-0.423974442061603,-0.2601288659706477,1.9073486328125e-06,-1.0,0.0031513995623478,0.3445978211474421,0.0029781515971773,0.3249008018329943,1.0,1.0,0.7619047619047619,0.1666666666666667,0.2380952380952381,0.8333333333333333,0.1737155760992699,0.48163384864572,0.5950019914000102,0.3153651457379812,0.5401419663446677,0.219191956337655,0.9113837961403854,0.7944021602155854,0.0,0.0,0.3418609887943413,0.6630586735599305,0,20,5.7220458984375e-05
32,0.7,full_support,0.9955282131422376,0.5246319242331048,-0.4708962889091329,-0.5666118862474286,-0.3722334216634012,1.9073486328125e-06,-1.0,0.0044717868577623,0.4753680757668952,0.0040075184721324,0.4540950650706727,1.0,1.0,0.7619047619047619,0.1666666666666667,0.2380952380952381,0.8333333333333333,0.1737155760992699,0.48163384864572,0.5844633868536091,0.3111992585785778,0.5378406014401689,0.1978278833519956,0.9239959514758288,0.801569952507258,0.0,0.0,0.2882510357612166,0.6293881227505125,0,20,5.7220458984375e-05
