capability,time_bin_30d,method,n,accuracy,macro_f1,tau_mode,D,resolved_tau,source_file
50,0,lir_pptd,33667,0.927258145958951,0.9269114652484284,geometry_diameter_scaling,3,0.4,results/p1c_netease_longitudinal_geometry_v1/time_window_metrics.csv
50,0,cowa,33667,0.926574984406095,0.9262437794239796,geometry_diameter_scaling,3,0.4,results/p1c_netease_longitudinal_geometry_v1/time_window_metrics.csv
50,0,no_hr,33667,0.9229809605845488,0.9226770964236072,geometry_diameter_scaling,3,0.4,results/p1c_netease_longitudinal_geometry_v1/time_window_metrics.csv
50,0,mv,33667,0.9229809605845488,0.9226770964236072,geometry_diameter_scaling,3,0.4,results/p1c_netease_longitudinal_geometry_v1/time_window_metrics.csv
50,0,lir_reset30d,33667,0.927258145958951,0.9269114652484284,geometry_diameter_scaling,3,0.4,results/p1c_netease_longitudinal_geometry_v1/time_window_metrics.csv
50,1,lir_pptd,47355,0.9250554323725056,0.9247383040939194,geometry_diameter_scaling,3,0.4,results/p1c_netease_longitudinal_geometry_v1/time_window_metrics.csv
50,1,cowa,47355,0.917981205786084,0.9175967674416108,geometry_diameter_scaling,3,0.4,results/p1c_netease_longitudinal_geometry_v1/time_window_metrics.csv
50,1,no_hr,47355,0.9035582303874988,0.9028940640645284,geometry_diameter_scaling,3,0.4,results/p1c_netease_longitudinal_geometry_v1/time_window_metrics.csv
50,1,mv,47355,0.9035582303874988,0.9028940640645284,geometry_diameter_scaling,3,0.4,results/p1c_netease_longitudinal_geometry_v1/time_window_metrics.csv
50,1,lir_reset30d,47355,0.9250976665610812,0.9247799880169844,geometry_diameter_scaling,3,0.4,results/p1c_netease_longitudinal_geometry_v1/time_window_metrics.csv
50,2,lir_pptd,47451,0.9324566394807274,0.9324098537029812,geometry_diameter_scaling,3,0.4,results/p1c_netease_longitudinal_geometry_v1/time_window_metrics.csv
50,2,cowa,47451,0.918926893005416,0.9188680947433636,geometry_diameter_scaling,3,0.4,results/p1c_netease_longitudinal_geometry_v1/time_window_metrics.csv
50,2,no_hr,47451,0.8761669933194243,0.8760054209232907,geometry_diameter_scaling,3,0.4,results/p1c_netease_longitudinal_geometry_v1/time_window_metrics.csv
50,2,mv,47451,0.8761669933194243,0.8760054209232907,geometry_diameter_scaling,3,0.4,results/p1c_netease_longitudinal_geometry_v1/time_window_metrics.csv
50,2,lir_reset30d,47451,0.9319297801943056,0.9318808024962172,geometry_diameter_scaling,3,0.4,results/p1c_netease_longitudinal_geometry_v1/time_window_metrics.csv
52,0,lir_pptd,17488,0.8887808783165599,0.8820544990567104,geometry_diameter_scaling,3,0.4,results/p1c_netease_longitudinal_geometry_v1/time_window_metrics.csv
52,0,cowa,17488,0.8955855443732845,0.8902056844181162,geometry_diameter_scaling,3,0.4,results/p1c_netease_longitudinal_geometry_v1/time_window_metrics.csv
52,0,no_hr,17488,0.8724268069533394,0.8615109912705506,geometry_diameter_scaling,3,0.4,results/p1c_netease_longitudinal_geometry_v1/time_window_metrics.csv
52,0,mv,17488,0.8724268069533394,0.8615109912705506,geometry_diameter_scaling,3,0.4,results/p1c_netease_longitudinal_geometry_v1/time_window_metrics.csv
52,0,lir_reset30d,17488,0.8887808783165599,0.8820544990567104,geometry_diameter_scaling,3,0.4,results/p1c_netease_longitudinal_geometry_v1/time_window_metrics.csv
53,0,lir_pptd,15051,0.942528735632184,0.6309925492045784,geometry_diameter_scaling,3,0.4,results/p1c_netease_longitudinal_geometry_v1/time_window_metrics.csv
53,0,cowa,15051,0.9381436449405356,0.5804940415621592,geometry_diameter_scaling,3,0.4,results/p1c_netease_longitudinal_geometry_v1/time_window_metrics.csv
53,0,no_hr,15051,0.944189754833566,0.6514253887765619,geometry_diameter_scaling,3,0.4,results/p1c_netease_longitudinal_geometry_v1/time_window_metrics.csv
53,0,mv,15051,0.944189754833566,0.6514253887765619,geometry_diameter_scaling,3,0.4,results/p1c_netease_longitudinal_geometry_v1/time_window_metrics.csv
53,0,lir_reset30d,15051,0.942528735632184,0.6309925492045784,geometry_diameter_scaling,3,0.4,results/p1c_netease_longitudinal_geometry_v1/time_window_metrics.csv
53,3,lir_pptd,18972,0.8995361585494412,0.8995045768649687,geometry_diameter_scaling,3,0.4,results/p1c_netease_longitudinal_geometry_v1/time_window_metrics.csv
53,3,cowa,18972,0.9009593084545646,0.9009145943652144,geometry_diameter_scaling,3,0.4,results/p1c_netease_longitudinal_geometry_v1/time_window_metrics.csv
53,3,no_hr,18972,0.8970061142736665,0.8970059777058941,geometry_diameter_scaling,3,0.4,results/p1c_netease_longitudinal_geometry_v1/time_window_metrics.csv
53,3,mv,18972,0.8970061142736665,0.8970059777058941,geometry_diameter_scaling,3,0.4,results/p1c_netease_longitudinal_geometry_v1/time_window_metrics.csv
53,3,lir_reset30d,18972,0.8995361585494412,0.8995033205144445,geometry_diameter_scaling,3,0.4,results/p1c_netease_longitudinal_geometry_v1/time_window_metrics.csv
53,4,lir_pptd,52087,0.8405168276153359,0.8403314069962984,geometry_diameter_scaling,3,0.4,results/p1c_netease_longitudinal_geometry_v1/time_window_metrics.csv
53,4,cowa,52087,0.8408624032868086,0.8406908795565071,geometry_diameter_scaling,3,0.4,results/p1c_netease_longitudinal_geometry_v1/time_window_metrics.csv
53,4,no_hr,52087,0.8387889492579722,0.8386419552739023,geometry_diameter_scaling,3,0.4,results/p1c_netease_longitudinal_geometry_v1/time_window_metrics.csv
53,4,mv,52087,0.8387889492579722,0.8386419552739023,geometry_diameter_scaling,3,0.4,results/p1c_netease_longitudinal_geometry_v1/time_window_metrics.csv
53,4,lir_reset30d,52087,0.8405936222089965,0.8404083470792076,geometry_diameter_scaling,3,0.4,results/p1c_netease_longitudinal_geometry_v1/time_window_metrics.csv
53,6,lir_pptd,1,1.0,0.3333333333333333,geometry_diameter_scaling,3,0.4,results/p1c_netease_longitudinal_geometry_v1/time_window_metrics.csv
53,6,cowa,1,1.0,0.3333333333333333,geometry_diameter_scaling,3,0.4,results/p1c_netease_longitudinal_geometry_v1/time_window_metrics.csv
53,6,no_hr,1,1.0,0.3333333333333333,geometry_diameter_scaling,3,0.4,results/p1c_netease_longitudinal_geometry_v1/time_window_metrics.csv
53,6,mv,1,1.0,0.3333333333333333,geometry_diameter_scaling,3,0.4,results/p1c_netease_longitudinal_geometry_v1/time_window_metrics.csv
53,6,lir_reset30d,1,1.0,0.3333333333333333,geometry_diameter_scaling,3,0.4,results/p1c_netease_longitudinal_geometry_v1/time_window_metrics.csv
56,0,lir_pptd,690242,0.9596576273249092,0.9596537722762084,geometry_diameter_scaling,3,0.4,results/p1c_netease_longitudinal_geometry_v1/time_window_metrics.csv
56,0,cowa,690242,0.9598285818596956,0.9598243790359224,geometry_diameter_scaling,3,0.4,results/p1c_netease_longitudinal_geometry_v1/time_window_metrics.csv
56,0,no_hr,690242,0.9413176827837192,0.9413653644712082,geometry_diameter_scaling,3,0.4,results/p1c_netease_longitudinal_geometry_v1/time_window_metrics.csv
56,0,mv,690242,0.9413176827837192,0.9413653644712082,geometry_diameter_scaling,3,0.4,results/p1c_netease_longitudinal_geometry_v1/time_window_metrics.csv
56,0,lir_reset30d,690242,0.9596576273249092,0.9596537722762084,geometry_diameter_scaling,3,0.4,results/p1c_netease_longitudinal_geometry_v1/time_window_metrics.csv
69,0,lir_pptd,4711,0.8683931224793038,0.785295460922323,geometry_diameter_scaling,3,0.4,results/p1c_netease_longitudinal_geometry_v1/time_window_metrics.csv
69,0,cowa,4711,0.8649968159626407,0.7765927418115574,geometry_diameter_scaling,3,0.4,results/p1c_netease_longitudinal_geometry_v1/time_window_metrics.csv
69,0,no_hr,4711,0.8613882402886861,0.7596011145249116,geometry_diameter_scaling,3,0.4,results/p1c_netease_longitudinal_geometry_v1/time_window_metrics.csv
69,0,mv,4711,0.8613882402886861,0.7596011145249116,geometry_diameter_scaling,3,0.4,results/p1c_netease_longitudinal_geometry_v1/time_window_metrics.csv
69,0,lir_reset30d,4711,0.8683931224793038,0.785295460922323,geometry_diameter_scaling,3,0.4,results/p1c_netease_longitudinal_geometry_v1/time_window_metrics.csv
126,0,lir_pptd,22622,0.9525682963486872,0.9369765862230788,geometry_diameter_scaling,3,0.4,results/p1c_netease_longitudinal_geometry_v1/time_window_metrics.csv
126,0,cowa,22622,0.9476173636283264,0.9312296827709192,geometry_diameter_scaling,3,0.4,results/p1c_netease_longitudinal_geometry_v1/time_window_metrics.csv
126,0,no_hr,22622,0.9241888427194768,0.9046404401028608,geometry_diameter_scaling,3,0.4,results/p1c_netease_longitudinal_geometry_v1/time_window_metrics.csv
126,0,mv,22622,0.9241888427194768,0.9046404401028608,geometry_diameter_scaling,3,0.4,results/p1c_netease_longitudinal_geometry_v1/time_window_metrics.csv
126,0,lir_reset30d,22622,0.9525682963486872,0.9369765862230788,geometry_diameter_scaling,3,0.4,results/p1c_netease_longitudinal_geometry_v1/time_window_metrics.csv
