hypothesis_id,dataset,rho,order_seed,n,lir_mean_loss,crh_mean_loss,mean_loss_delta_lir_minus_crh,lir_pair_wins,ties,crh_pair_wins,bootstrap_95_ci_low,bootstrap_95_ci_high,bootstrap_seed,exact_two_sided_sign_flip_p,paired_rank_biserial,holm_family,holm_family_size,holm_adjusted_p,direction,holm_direction
product|3/10|order=7101,product,3/10,7101,20,0.3416747301918929,0.46333847509814685,-0.121663744906254,20,0,0,-0.13247594051103984,-0.11030582541343395,12645489075274350946,1.9073486328125e-06,-1.0,task_order|4-datasets|2-rhos|5-orders|40,40,7.62939453125e-05,lir_win,lir_win
product|3/10|order=7102,product,3/10,7102,20,0.3485028500321513,0.46333847509814685,-0.11483562506599558,20,0,0,-0.12612958864918783,-0.10315187491065243,4383067153775080394,1.9073486328125e-06,-1.0,task_order|4-datasets|2-rhos|5-orders|40,40,7.62939453125e-05,lir_win,lir_win
product|3/10|order=7103,product,3/10,7103,20,0.3475735039465574,0.46333847509814685,-0.11576497115158946,20,0,0,-0.12725241539108073,-0.10372885909380686,17562717749175197787,1.9073486328125e-06,-1.0,task_order|4-datasets|2-rhos|5-orders|40,40,7.62939453125e-05,lir_win,lir_win
product|3/10|order=7104,product,3/10,7104,20,0.34377300621716994,0.46333847509814685,-0.11956546888097692,20,0,0,-0.13133864896169628,-0.10733917939052447,6690497818062464485,1.9073486328125e-06,-1.0,task_order|4-datasets|2-rhos|5-orders|40,40,7.62939453125e-05,lir_win,lir_win
product|3/10|order=7105,product,3/10,7105,20,0.3424886055977015,0.46333847509814685,-0.12084986950044535,20,0,0,-0.13163318684419892,-0.10988122942963709,14156211516875603560,1.9073486328125e-06,-1.0,task_order|4-datasets|2-rhos|5-orders|40,40,7.62939453125e-05,lir_win,lir_win
product|7/10|order=7101,product,7/10,7101,20,0.5196870415464651,0.6957771031299778,-0.1760900615835126,20,0,0,-0.18216296789749817,-0.1694457102278564,8945149430075066401,1.9073486328125e-06,-1.0,task_order|4-datasets|2-rhos|5-orders|40,40,7.62939453125e-05,lir_win,lir_win
product|7/10|order=7102,product,7/10,7102,20,0.5279992744230662,0.6957771031299778,-0.16777782870691146,20,0,0,-0.1742069901199107,-0.16100920929113727,16154375878877186543,1.9073486328125e-06,-1.0,task_order|4-datasets|2-rhos|5-orders|40,40,7.62939453125e-05,lir_win,lir_win
product|7/10|order=7103,product,7/10,7103,20,0.5250519811121893,0.6957771031299778,-0.17072512201778844,20,0,0,-0.17768340439923702,-0.16333566699298818,12351546907285526585,1.9073486328125e-06,-1.0,task_order|4-datasets|2-rhos|5-orders|40,40,7.62939453125e-05,lir_win,lir_win
product|7/10|order=7104,product,7/10,7104,20,0.5218269228543229,0.6957771031299778,-0.17395018027565476,20,0,0,-0.18060738627276185,-0.16682614797738482,17202254488855713466,1.9073486328125e-06,-1.0,task_order|4-datasets|2-rhos|5-orders|40,40,7.62939453125e-05,lir_win,lir_win
product|7/10|order=7105,product,7/10,7105,20,0.522663000057151,0.6957771031299778,-0.17311410307282663,20,0,0,-0.17969803250464803,-0.1659778136490658,2195495745216635160,1.9073486328125e-06,-1.0,task_order|4-datasets|2-rhos|5-orders|40,40,7.62939453125e-05,lir_win,lir_win
duck|3/10|order=7101,duck,3/10,7101,20,0.25048076923076923,0.2620192307692308,-0.011538461538461546,14,1,5,-0.02211538461538461,-0.0004807692307692384,365171326441891725,0.045558929443359375,-0.5210526315789473,task_order|4-datasets|2-rhos|5-orders|40,40,0.364471435546875,lir_win,not_significant
duck|3/10|order=7102,duck,3/10,7102,20,0.24086538461538462,0.2620192307692308,-0.021153846153846162,16,3,1,-0.02836538461538461,-0.013942307692307709,9824552953338280105,4.57763671875e-05,-0.9738562091503268,task_order|4-datasets|2-rhos|5-orders|40,40,0.000457763671875,lir_win,lir_win
duck|3/10|order=7103,duck,3/10,7103,20,0.2644230769230769,0.2620192307692308,0.002403846153846153,5,8,7,-0.002884615384615389,0.008173076923076917,5449055997546491614,0.42041015625,0.3076923076923077,task_order|4-datasets|2-rhos|5-orders|40,40,1.0,crh_win,not_significant
duck|3/10|order=7104,duck,3/10,7104,20,0.25384615384615383,0.2620192307692308,-0.008173076923076918,11,6,3,-0.017307692307692295,0.0009615384615384605,2931521135976150145,0.1019287109375,-0.6,task_order|4-datasets|2-rhos|5-orders|40,40,0.7135009765625,lir_win,not_significant
duck|3/10|order=7105,duck,3/10,7105,20,0.24903846153846154,0.2620192307692308,-0.012980769230769231,13,4,3,-0.02163461538461537,-0.0038461538461538685,9449004742987802666,0.01202392578125,-0.7058823529411765,task_order|4-datasets|2-rhos|5-orders|40,40,0.10821533203125,lir_win,not_significant
duck|7/10|order=7101,duck,7/10,7101,20,0.5711538461538461,0.7225961538461538,-0.15144230769230768,20,0,0,-0.17788461538461536,-0.1240384615384615,16148231022497029686,1.9073486328125e-06,-1.0,task_order|4-datasets|2-rhos|5-orders|40,40,7.62939453125e-05,lir_win,lir_win
duck|7/10|order=7102,duck,7/10,7102,20,0.6389423076923076,0.7225961538461538,-0.08365384615384615,20,0,0,-0.10048076923076923,-0.06778846153846153,16336522765653098770,1.9073486328125e-06,-1.0,task_order|4-datasets|2-rhos|5-orders|40,40,7.62939453125e-05,lir_win,lir_win
duck|7/10|order=7103,duck,7/10,7103,20,0.6836538461538462,0.7225961538461538,-0.03894230769230768,18,2,0,-0.04807692307692308,-0.028846153846153844,13609625158418052774,7.62939453125e-06,-1.0,task_order|4-datasets|2-rhos|5-orders|40,40,8.392333984375e-05,lir_win,lir_win
duck|7/10|order=7104,duck,7/10,7104,20,0.5995192307692307,0.7225961538461538,-0.12307692307692308,20,0,0,-0.14615384615384616,-0.09951923076923078,11307654859175277997,1.9073486328125e-06,-1.0,task_order|4-datasets|2-rhos|5-orders|40,40,7.62939453125e-05,lir_win,lir_win
duck|7/10|order=7105,duck,7/10,7105,20,0.5605769230769231,0.7225961538461538,-0.16201923076923075,20,0,0,-0.18605769230769229,-0.1360576923076923,3792055377193230483,1.9073486328125e-06,-1.0,task_order|4-datasets|2-rhos|5-orders|40,40,7.62939453125e-05,lir_win,lir_win
dog|3/10|order=7101,dog,3/10,7101,20,0.24955656020247058,0.2860245851724706,-0.03646802497000003,20,0,0,-0.04475784523414947,-0.028633535903381534,10346855349022106233,1.9073486328125e-06,-1.0,task_order|4-datasets|2-rhos|5-orders|40,40,7.62939453125e-05,lir_win,lir_win
dog|3/10|order=7102,dog,3/10,7102,20,0.24161493099381035,0.2860245851724706,-0.04440965417866025,20,0,0,-0.05496403211067476,-0.03460666349338608,6031059288002787499,1.9073486328125e-06,-1.0,task_order|4-datasets|2-rhos|5-orders|40,40,7.62939453125e-05,lir_win,lir_win
dog|3/10|order=7103,dog,3/10,7103,20,0.2356523793921575,0.2860245851724706,-0.05037220578031309,20,0,0,-0.06021034216886304,-0.041036668498658134,3597764722596839594,1.9073486328125e-06,-1.0,task_order|4-datasets|2-rhos|5-orders|40,40,7.62939453125e-05,lir_win,lir_win
dog|3/10|order=7104,dog,3/10,7104,20,0.24269163271226182,0.2860245851724706,-0.043332952460208775,20,0,0,-0.05336571539641772,-0.034425212247638864,5944302293417574964,1.9073486328125e-06,-1.0,task_order|4-datasets|2-rhos|5-orders|40,40,7.62939453125e-05,lir_win,lir_win
dog|3/10|order=7105,dog,3/10,7105,20,0.2451707169948786,0.2860245851724706,-0.04085386817759198,20,0,0,-0.0494290338468594,-0.032784499913223616,16503584714904202046,1.9073486328125e-06,-1.0,task_order|4-datasets|2-rhos|5-orders|40,40,7.62939453125e-05,lir_win,lir_win
dog|7/10|order=7101,dog,7/10,7101,20,0.6856252552190549,0.7883634706828608,-0.10273821546380597,20,0,0,-0.11085648746617373,-0.09384733307656207,11229914714204700371,1.9073486328125e-06,-1.0,task_order|4-datasets|2-rhos|5-orders|40,40,7.62939453125e-05,lir_win,lir_win
dog|7/10|order=7102,dog,7/10,7102,20,0.662729063658381,0.7883634706828608,-0.12563440702447992,20,0,0,-0.1366960484622245,-0.11441573389553045,16292761350498482111,1.9073486328125e-06,-1.0,task_order|4-datasets|2-rhos|5-orders|40,40,7.62939453125e-05,lir_win,lir_win
dog|7/10|order=7103,dog,7/10,7103,20,0.6517050385671336,0.7883634706828608,-0.13665843211572723,20,0,0,-0.1476920876786946,-0.12489674183333953,11418940291444485086,1.9073486328125e-06,-1.0,task_order|4-datasets|2-rhos|5-orders|40,40,7.62939453125e-05,lir_win,lir_win
dog|7/10|order=7104,dog,7/10,7104,20,0.6667748262247934,0.7883634706828608,-0.12158864445806741,20,0,0,-0.12996112207742883,-0.11242976373717138,345744164389120395,1.9073486328125e-06,-1.0,task_order|4-datasets|2-rhos|5-orders|40,40,7.62939453125e-05,lir_win,lir_win
dog|7/10|order=7105,dog,7/10,7105,20,0.6718515680017033,0.7883634706828608,-0.11651190268115753,20,0,0,-0.12626767835250152,-0.10657325341559545,6929670411079316090,1.9073486328125e-06,-1.0,task_order|4-datasets|2-rhos|5-orders|40,40,7.62939453125e-05,lir_win,lir_win
weather|3/10|order=7101,weather,3/10,7101,20,0.055262545843524656,0.057824290490497955,-0.0025617446469732986,11,0,9,-0.005741281414054773,0.0004515199634570474,7179859662944817774,0.13138389587402344,-0.2857142857142857,task_order|4-datasets|2-rhos|5-orders|40,40,0.7883033752441406,lir_win,not_significant
weather|3/10|order=7102,weather,3/10,7102,20,0.0569968086605141,0.057824290490497955,-0.0008274818299838605,9,0,11,-0.00391355154245821,0.002044499037085288,15239982201301041406,0.6019306182861328,-0.047619047619047616,task_order|4-datasets|2-rhos|5-orders|40,40,1.0,lir_win,not_significant
weather|3/10|order=7103,weather,3/10,7103,20,0.05729721445066079,0.057824290490497955,-0.0005270760398371633,9,0,11,-0.0035618552280434995,0.002355590154959461,15806963056380223254,0.7420825958251953,-0.02857142857142857,task_order|4-datasets|2-rhos|5-orders|40,40,1.0,lir_win,not_significant
weather|3/10|order=7104,weather,3/10,7104,20,0.05703275436309672,0.057824290490497955,-0.0007915361274012343,9,0,11,-0.0038417372651558548,0.0021176607030548057,18117116867417981699,0.618988037109375,-0.0761904761904762,task_order|4-datasets|2-rhos|5-orders|40,40,1.0,lir_win,not_significant
weather|3/10|order=7105,weather,3/10,7105,20,0.05661105855796371,0.057824290490497955,-0.0012132319325342375,9,0,11,-0.0044488186134080555,0.001813657386859579,12232854250685379152,0.46073150634765625,-0.12380952380952381,task_order|4-datasets|2-rhos|5-orders|40,40,1.0,lir_win,not_significant
weather|7/10|order=7101,weather,7/10,7101,20,0.15527581804400953,0.23791704958024842,-0.08264123153623888,20,0,0,-0.08410623297888624,-0.08111135768306317,11131123123393609349,1.9073486328125e-06,-1.0,task_order|4-datasets|2-rhos|5-orders|40,40,7.62939453125e-05,lir_win,lir_win
weather|7/10|order=7102,weather,7/10,7102,20,0.15895827325003906,0.23791704958024842,-0.07895877633020934,20,0,0,-0.08043037795179893,-0.07742399789301696,7200414652837856593,1.9073486328125e-06,-1.0,task_order|4-datasets|2-rhos|5-orders|40,40,7.62939453125e-05,lir_win,lir_win
weather|7/10|order=7103,weather,7/10,7103,20,0.15900393067704166,0.23791704958024842,-0.07891311890320674,20,0,0,-0.08041032694187308,-0.0774210995179764,725076272541897186,1.9073486328125e-06,-1.0,task_order|4-datasets|2-rhos|5-orders|40,40,7.62939453125e-05,lir_win,lir_win
weather|7/10|order=7104,weather,7/10,7104,20,0.15837558658519374,0.23791704958024842,-0.07954146299505467,20,0,0,-0.08098697926468422,-0.07806313164348866,7224179427661988356,1.9073486328125e-06,-1.0,task_order|4-datasets|2-rhos|5-orders|40,40,7.62939453125e-05,lir_win,lir_win
weather|7/10|order=7105,weather,7/10,7105,20,0.15755742755979804,0.23791704958024842,-0.08035962202045036,20,0,0,-0.08184160521193688,-0.07884316738475641,11139293258067265632,1.9073486328125e-06,-1.0,task_order|4-datasets|2-rhos|5-orders|40,40,7.62939453125e-05,lir_win,lir_win
