family,dataset,scenario,replicate,fast_cowa_loss,exact_cowa_loss,abs_diff,match
A3,product,benign_to_malicious,6,0.6874476538891904,0.6874476538891904,0.0,True
A3,product,benign_to_malicious,7,0.6393434711361901,0.6393434711361901,0.0,True
A3,product,benign_to_malicious,8,0.6703711866050595,0.6703711866050595,0.0,True
A3,product,benign_to_malicious,9,0.6625238120792372,0.6625238120792372,0.0,True
A3,product,benign_to_malicious,10,0.6628830939745798,0.6628830939745798,0.0,True
A3,product,benign_to_malicious,11,0.7606872127553741,0.7606872127553741,0.0,True
A3,product,benign_to_malicious,12,0.7597958121240167,0.7597958121240167,0.0,True
A3,product,benign_to_malicious,13,0.6013491912628741,0.6013491912628741,0.0,True
A3,product,benign_to_malicious,14,0.6996974554248105,0.6996974554248105,0.0,True
A3,product,benign_to_malicious,15,0.5737599997463402,0.5737599997463402,0.0,True
A3,product,benign_to_malicious,16,0.7144899016193557,0.7144899016193557,0.0,True
A3,product,benign_to_malicious,17,0.5623177894546878,0.5623177894546878,0.0,True
A3,product,benign_to_malicious,18,0.7099018610882444,0.7099018610882444,0.0,True
A3,product,benign_to_malicious,19,0.5704918222993323,0.5704918222993323,0.0,True
A3,product,benign_to_malicious,20,0.6946704755872426,0.6946704755872426,0.0,True
A3,product,malicious_to_benign,6,0.2680354150380597,0.2680354150380597,0.0,True
A3,product,malicious_to_benign,7,0.26854092331707147,0.26854092331707147,0.0,True
A3,product,malicious_to_benign,8,0.2469054781722252,0.2469054781722252,0.0,True
A3,product,malicious_to_benign,9,0.2611132213069032,0.2611132213069032,0.0,True
A3,product,malicious_to_benign,10,0.2716646327509711,0.2716646327509711,0.0,True
A3,product,malicious_to_benign,11,0.2696716710631699,0.2696716710631699,0.0,True
A3,product,malicious_to_benign,12,0.2555990755111883,0.2555990755111883,0.0,True
A3,product,malicious_to_benign,13,0.24329200676750196,0.24329200676750196,0.0,True
A3,product,malicious_to_benign,14,0.26042843421928974,0.26042843421928974,0.0,True
A3,product,malicious_to_benign,15,0.26317978368283024,0.26317978368283024,0.0,True
A3,product,malicious_to_benign,16,0.2694831995023229,0.2694831995023229,0.0,True
A3,product,malicious_to_benign,17,0.26272304914225675,0.26272304914225675,0.0,True
A3,product,malicious_to_benign,18,0.25998958440050535,0.25998958440050535,0.0,True
A3,product,malicious_to_benign,19,0.24889381770115715,0.24889381770115715,0.0,True
A3,product,malicious_to_benign,20,0.2718224048474627,0.2718224048474627,0.0,True
A3,duck,benign_to_malicious,6,0.7037037037037037,0.7037037037037037,0.0,True
A3,duck,benign_to_malicious,7,0.4814814814814815,0.4814814814814815,0.0,True
A3,duck,benign_to_malicious,8,0.5740740740740741,0.5740740740740741,0.0,True
A3,duck,benign_to_malicious,9,0.6481481481481481,0.6481481481481481,0.0,True
A3,duck,benign_to_malicious,10,0.7222222222222222,0.7222222222222222,0.0,True
A3,duck,benign_to_malicious,11,0.4629629629629629,0.4629629629629629,0.0,True
A3,duck,benign_to_malicious,12,0.5740740740740741,0.5740740740740741,0.0,True
A3,duck,benign_to_malicious,13,0.6666666666666667,0.6666666666666667,0.0,True
A3,duck,benign_to_malicious,14,0.7777777777777778,0.7777777777777778,0.0,True
A3,duck,benign_to_malicious,15,0.7592592592592593,0.7592592592592593,0.0,True
A3,duck,benign_to_malicious,16,0.6851851851851851,0.6851851851851851,0.0,True
A3,duck,benign_to_malicious,17,0.5740740740740741,0.5740740740740741,0.0,True
A3,duck,benign_to_malicious,18,0.5740740740740741,0.5740740740740741,0.0,True
A3,duck,benign_to_malicious,19,0.4629629629629629,0.4629629629629629,0.0,True
A3,duck,benign_to_malicious,20,0.5555555555555556,0.5555555555555556,0.0,True
A3,duck,malicious_to_benign,6,0.35185185185185186,0.35185185185185186,0.0,True
A3,duck,malicious_to_benign,7,0.2962962962962963,0.2962962962962963,0.0,True
A3,duck,malicious_to_benign,8,0.35185185185185186,0.35185185185185186,0.0,True
A3,duck,malicious_to_benign,9,0.33333333333333337,0.33333333333333337,0.0,True
A3,duck,malicious_to_benign,10,0.35185185185185186,0.35185185185185186,0.0,True
A3,duck,malicious_to_benign,11,0.33333333333333337,0.33333333333333337,0.0,True
A3,duck,malicious_to_benign,12,0.2962962962962963,0.2962962962962963,0.0,True
A3,duck,malicious_to_benign,13,0.35185185185185186,0.35185185185185186,0.0,True
A3,duck,malicious_to_benign,14,0.37037037037037035,0.37037037037037035,0.0,True
A3,duck,malicious_to_benign,15,0.35185185185185186,0.35185185185185186,0.0,True
A3,duck,malicious_to_benign,16,0.37037037037037035,0.37037037037037035,0.0,True
A3,duck,malicious_to_benign,17,0.35185185185185186,0.35185185185185186,0.0,True
A3,duck,malicious_to_benign,18,0.35185185185185186,0.35185185185185186,0.0,True
A3,duck,malicious_to_benign,19,0.2962962962962963,0.2962962962962963,0.0,True
A3,duck,malicious_to_benign,20,0.2222222222222222,0.2222222222222222,0.0,True
A3,dog,benign_to_malicious,6,0.6791850445875326,0.6791850445875326,0.0,True
A3,dog,benign_to_malicious,7,0.7372755401204275,0.7372755401204275,0.0,True
A3,dog,benign_to_malicious,8,0.8038533715284474,0.8038533715284474,0.0,True
A3,dog,benign_to_malicious,9,0.7321648799406537,0.7321648799406537,0.0,True
A3,dog,benign_to_malicious,10,0.8052299246114195,0.8052299246114195,0.0,True
A3,dog,benign_to_malicious,11,0.7598584204835603,0.7598584204835603,0.0,True
A3,dog,benign_to_malicious,12,0.6429831328328626,0.6429831328328626,0.0,True
A3,dog,benign_to_malicious,13,0.7300109722293517,0.7300109722293517,0.0,True
A3,dog,benign_to_malicious,14,0.6407996472489754,0.6407996472489754,0.0,True
A3,dog,benign_to_malicious,15,0.7477443033487652,0.7477443033487652,0.0,True
A3,dog,benign_to_malicious,16,0.6213028009971867,0.6213028009971867,0.0,True
A3,dog,benign_to_malicious,17,0.5707962193098562,0.5707962193098562,0.0,True
A3,dog,benign_to_malicious,18,0.7078097266785865,0.7078097266785865,0.0,True
A3,dog,benign_to_malicious,19,0.729508421925197,0.729508421925197,0.0,True
A3,dog,benign_to_malicious,20,0.7305742900662997,0.7305742900662997,0.0,True
A3,dog,malicious_to_benign,6,0.18128067543523196,0.18128067543523196,0.0,True
A3,dog,malicious_to_benign,7,0.17641588112277584,0.17641588112277584,0.0,True
A3,dog,malicious_to_benign,8,0.17264019678450715,0.17264019678450715,0.0,True
A3,dog,malicious_to_benign,9,0.18648479622271863,0.18648479622271863,0.0,True
A3,dog,malicious_to_benign,10,0.18990817740817745,0.18990817740817745,0.0,True
A3,dog,malicious_to_benign,11,0.19276556489388497,0.19276556489388497,0.0,True
A3,dog,malicious_to_benign,12,0.1795785433706959,0.1795785433706959,0.0,True
A3,dog,malicious_to_benign,13,0.185114925033659,0.185114925033659,0.0,True
A3,dog,malicious_to_benign,14,0.19523817611400474,0.19523817611400474,0.0,True
A3,dog,malicious_to_benign,15,0.19619530570718935,0.19619530570718935,0.0,True
A3,dog,malicious_to_benign,16,0.1726909172235147,0.1726909172235147,0.0,True
A3,dog,malicious_to_benign,17,0.17028779154445373,0.17028779154445373,0.0,True
A3,dog,malicious_to_benign,18,0.18896828450502934,0.18896828450502934,0.0,True
A3,dog,malicious_to_benign,19,0.1875233344718341,0.1875233344718341,0.0,True
A3,dog,malicious_to_benign,20,0.19379680189215243,0.19379680189215243,0.0,True
A3,weather,benign_to_malicious,6,0.18813070853233319,0.188130708532333,1.942890293094024e-16,True
A3,weather,benign_to_malicious,7,0.1911013162000645,0.19110131620006468,1.6653345369377348e-16,True
A3,weather,benign_to_malicious,8,0.1891940004082591,0.18919400040825893,1.6653345369377348e-16,True
A3,weather,benign_to_malicious,9,0.18317681682936413,0.18317681682936401,1.1102230246251565e-16,True
A3,weather,benign_to_malicious,10,0.1948261813039134,0.19482618130391327,1.3877787807814457e-16,True
A3,weather,benign_to_malicious,11,0.1864470310552002,0.18644703105520027,8.326672684688674e-17,True
A3,weather,benign_to_malicious,12,0.1869393843914771,0.18693938439147695,1.3877787807814457e-16,True
A3,weather,benign_to_malicious,13,0.19046358785531672,0.19046358785531628,4.440892098500626e-16,True
A3,weather,benign_to_malicious,14,0.1932610366036353,0.1932610366036352,1.1102230246251565e-16,True
A3,weather,benign_to_malicious,15,0.19062358806804997,0.19062358806805024,2.7755575615628914e-16,True
A3,weather,benign_to_malicious,16,0.189180279136143,0.1891802791361431,1.1102230246251565e-16,True
A3,weather,benign_to_malicious,17,0.19237076419521587,0.1923707641952158,8.326672684688674e-17,True
A3,weather,benign_to_malicious,18,0.18934677523165153,0.18934677523165158,5.551115123125783e-17,True
A3,weather,benign_to_malicious,19,0.19310170802626378,0.1931017080262639,1.1102230246251565e-16,True
A3,weather,benign_to_malicious,20,0.19103010559403938,0.19103010559403932,5.551115123125783e-17,True
A3,weather,malicious_to_benign,6,0.023672992977149865,0.023672992977149872,6.938893903907228e-18,True
A3,weather,malicious_to_benign,7,0.02746624198621889,0.027466241986218873,1.734723475976807e-17,True
A3,weather,malicious_to_benign,8,0.030177148973608233,0.03017714897360828,4.85722573273506e-17,True
A3,weather,malicious_to_benign,9,0.022846214658474806,0.022846214658474803,3.469446951953614e-18,True
A3,weather,malicious_to_benign,10,0.020570842686950728,0.02057084268695074,1.3877787807814457e-17,True
A3,weather,malicious_to_benign,11,0.026435654002320993,0.026435654002321046,5.204170427930421e-17,True
A3,weather,malicious_to_benign,12,0.024341336968686077,0.024341336968686143,6.591949208711867e-17,True
A3,weather,malicious_to_benign,13,0.022417248748955537,0.022417248748955523,1.3877787807814457e-17,True
A3,weather,malicious_to_benign,14,0.025867152041163227,0.025867152041163192,3.469446951953614e-17,True
A3,weather,malicious_to_benign,15,0.022394222790045448,0.022394222790045486,3.8163916471489756e-17,True
A3,weather,malicious_to_benign,16,0.02412251399352184,0.024122513993521826,1.3877787807814457e-17,True
A3,weather,malicious_to_benign,17,0.023827538128363076,0.023827538128363118,4.163336342344337e-17,True
A3,weather,malicious_to_benign,18,0.027609932855602662,0.027609932855602645,1.734723475976807e-17,True
A3,weather,malicious_to_benign,19,0.02348099990206216,0.023480999902062174,1.3877787807814457e-17,True
A3,weather,malicious_to_benign,20,0.026107752105457103,0.026107752105457155,5.204170427930421e-17,True
