dataset,rho,comparator,selector_seed_n,mean_loss_delta_lir_minus_comparator,median_seed_mean_delta,between_seed_sd,bootstrap95_low_seed_unit,bootstrap95_high_seed_unit,exact_seed_level_sign_flip_p,holm_adjusted_seed_level_p,seed_mean_wins,seed_mean_ties,seed_mean_losses,mean_direction,holm_direction,paper_metric
dog,1/10,crh,20,-0.0061727085806528,-0.006060317464432707,0.0028373727036876545,-0.007387887287946546,-0.004965287103227094,1.9073486328125e-06,3.814697265625e-05,20,0,0,lir_win,lir_win,0.8203513994459967
dog,1/10,pptd_liang,20,-0.006226797867027227,-0.0061200904223865146,0.0028377039727211623,-0.007454572623545694,-0.005014777936698962,1.9073486328125e-06,3.814697265625e-05,20,0,0,lir_win,lir_win,0.8203513994459967
dog,1/10,tqpp_liu,20,-0.010467546961701,-0.010281636994297402,0.0027393361247281395,-0.011669332426238356,-0.00929925742971206,1.9073486328125e-06,3.814697265625e-05,20,0,0,lir_win,lir_win,0.8203513994459967
dog,1/2,crh,20,-0.10969196403015083,-0.10288286228755261,0.019655467463917223,-0.11817036263150282,-0.10143214777421047,1.9073486328125e-06,3.814697265625e-05,20,0,0,lir_win,lir_win,0.6064059603242712
dog,1/2,pptd_liang,20,-0.10980291040423291,-0.1030092918803244,0.019661226028529988,-0.11846041196788955,-0.10147657644345505,1.9073486328125e-06,3.814697265625e-05,20,0,0,lir_win,lir_win,0.6064059603242712
dog,1/2,tqpp_liu,20,-0.09135514480976377,-0.0844554299113495,0.019584096921691527,-0.09985402253785994,-0.08329691543594028,1.9073486328125e-06,3.814697265625e-05,20,0,0,lir_win,lir_win,0.6064059603242712
dog,3/10,crh,20,-0.038415312389565665,-0.036848129592789686,0.007354824919990751,-0.041578690407646356,-0.035376137512960835,1.9073486328125e-06,3.814697265625e-05,20,0,0,lir_win,lir_win,0.7441859778733776
dog,3/10,pptd_liang,20,-0.03852701844840512,-0.03694021838376227,0.007361732768064976,-0.04167767408445403,-0.03544535218388876,1.9073486328125e-06,3.814697265625e-05,20,0,0,lir_win,lir_win,0.7441859778733776
dog,3/10,tqpp_liu,20,-0.034768423948627024,-0.03329740554307491,0.007222026141554967,-0.03791903192953839,-0.03176501673939901,1.9073486328125e-06,3.814697265625e-05,20,0,0,lir_win,lir_win,0.7441859778733776
dog,7/10,crh,20,-0.10289303210614109,-0.09908955060250782,0.021247362312899302,-0.11187871589003992,-0.09393836819543708,1.9073486328125e-06,3.814697265625e-05,20,0,0,lir_win,lir_win,0.2847614225524373
dog,7/10,pptd_liang,20,-0.10294420257156149,-0.0991950997737635,0.02127682588152247,-0.11201481156436344,-0.09405191165035234,1.9073486328125e-06,3.814697265625e-05,20,0,0,lir_win,lir_win,0.2847614225524373
dog,7/10,tqpp_liu,20,-0.08372330033070627,-0.08000597019777209,0.021241586233503473,-0.09275996495641255,-0.07472233794358228,1.9073486328125e-06,3.814697265625e-05,20,0,0,lir_win,lir_win,0.2847614225524373
dog,9/10,crh,20,-0.02789511702545121,-0.026482825088415436,0.00665114091890241,-0.030797258717958475,-0.025110389754526917,1.9073486328125e-06,3.814697265625e-05,20,0,0,lir_win,lir_win,0.11378623153913037
dog,9/10,pptd_liang,20,-0.02799056392757863,-0.026591450225542282,0.006659526517906951,-0.03096500648178922,-0.0252306921609817,1.9073486328125e-06,3.814697265625e-05,20,0,0,lir_win,lir_win,0.11378623153913037
dog,9/10,tqpp_liu,20,-0.016549220551957327,-0.015422276554922574,0.006690663310734136,-0.019508466286497803,-0.013861311781827068,1.9073486328125e-06,3.814697265625e-05,20,0,0,lir_win,lir_win,0.11378623153913037
duck,1/10,crh,20,-0.002835595361775481,-0.0037364945978391375,0.013366323016743927,-0.008565958277966726,0.0029153743102029355,0.35613250732421875,0.35613250732421875,12,1,7,lir_win,not_significant,0.7884615384615384
duck,1/10,pptd_liang,20,-0.002835595361775481,-0.0037364945978391375,0.013366323016743927,-0.008633406944853532,0.0028407388112831277,0.35613250732421875,0.35613250732421875,12,1,7,lir_win,not_significant,0.7884615384615384
duck,1/10,tqpp_liu,20,0.02723862152634727,0.024404761904761894,0.012728768148975797,0.021845890974538228,0.03276437612364062,3.814697265625e-06,3.814697265625e-05,0,1,19,lir_loss,lir_loss,0.7884615384615384
duck,1/2,crh,20,-0.13547243865221364,-0.11761904761904762,0.05909501310966723,-0.16102789351918934,-0.11100141511880228,1.9073486328125e-06,3.814697265625e-05,20,0,0,lir_win,lir_win,0.5769230769230769
duck,1/2,pptd_liang,20,-0.13547243865221364,-0.11761904761904762,0.05909501310966723,-0.16140530110413442,-0.11098191838196143,1.9073486328125e-06,3.814697265625e-05,20,0,0,lir_win,lir_win,0.5769230769230769
duck,1/2,tqpp_liu,20,-0.01049073987207028,0.010066391941391948,0.0591923762352512,-0.03558788097419403,0.014419387432654415,0.4342670440673828,0.4342670440673828,9,0,11,lir_win,not_significant,0.5769230769230769
duck,3/10,crh,20,-0.026684496141126585,-0.02341250952018279,0.020731956613376585,-0.035416031414128746,-0.017962066124989594,4.1961669921875e-05,0.0001678466796875,18,0,2,lir_win,lir_win,0.7596153846153846
duck,3/10,pptd_liang,20,-0.026684496141126585,-0.02341250952018279,0.020731956613376585,-0.03542157546184123,-0.01769176188286132,4.1961669921875e-05,0.000125885009765625,18,0,2,lir_win,lir_win,0.7596153846153846
duck,3/10,tqpp_liu,20,-0.0317804269269376,-0.031445029027576184,0.02029481135441407,-0.04017200891724894,-0.022954032176378862,1.1444091796875e-05,4.57763671875e-05,18,0,2,lir_win,lir_win,0.7596153846153846
duck,7/10,crh,20,-0.11512165254803775,-0.10651605675877518,0.05510470929851283,-0.1387708232525542,-0.09243218319989321,1.9073486328125e-06,3.814697265625e-05,20,0,0,lir_win,lir_win,0.47115384615384615
duck,7/10,pptd_liang,20,-0.11512165254803775,-0.10651605675877518,0.05510470929851283,-0.13964845497377382,-0.09210302741111506,1.9073486328125e-06,3.814697265625e-05,20,0,0,lir_win,lir_win,0.47115384615384615
duck,7/10,tqpp_liu,20,0.01993093645574098,0.03173076923076923,0.055685105150072516,-0.0036308716857973294,0.04344576557591867,0.12514305114746094,0.2502861022949219,7,0,13,lir_loss,not_significant,0.47115384615384615
duck,9/10,crh,20,-0.01762868829144095,-0.018418040293040297,0.017974565760076937,-0.025068887045624644,-0.009970783446334588,0.0003795623779296875,0.0011386871337890625,17,0,3,lir_win,lir_win,0.20192307692307687
duck,9/10,pptd_liang,20,-0.01762868829144095,-0.018418040293040297,0.017974565760076937,-0.02539336580043359,-0.00992587407717492,0.0003795623779296875,0.000759124755859375,17,0,3,lir_win,lir_win,0.20192307692307687
duck,9/10,tqpp_liu,20,0.04613970026258906,0.04943249405233942,0.019738924161777305,0.037780942513412984,0.0544057099762982,1.9073486328125e-06,3.814697265625e-05,0,0,20,lir_loss,lir_loss,0.20192307692307687
product,1/10,crh,20,-0.047092607796965905,-0.04670233445225201,0.004968739697053088,-0.04920665983254495,-0.044865383132029354,1.9073486328125e-06,3.814697265625e-05,20,0,0,lir_win,lir_win,0.7491256318079604
product,1/10,pptd_liang,20,-0.047092607796965905,-0.04670233445225201,0.004968739697053088,-0.049182945667354615,-0.045027271693643706,1.9073486328125e-06,3.814697265625e-05,20,0,0,lir_win,lir_win,0.7491256318079604
product,1/10,tqpp_liu,20,-0.04699755007960171,-0.046608809219420566,0.004968232483478403,-0.04910030947033985,-0.04488858183578927,1.9073486328125e-06,3.814697265625e-05,20,0,0,lir_win,lir_win,0.7491256318079604
product,1/2,crh,20,-0.13827569285816227,-0.1387605038727804,0.006011073262376314,-0.1408127911882656,-0.1357219814845558,1.9073486328125e-06,3.814697265625e-05,20,0,0,lir_win,lir_win,0.5359420664721672
product,1/2,pptd_liang,20,-0.13827569285816227,-0.1387605038727804,0.006011073262376314,-0.14091219210670125,-0.13575476907298306,1.9073486328125e-06,3.814697265625e-05,20,0,0,lir_win,lir_win,0.5359420664721672
product,1/2,tqpp_liu,20,-0.13810121345731755,-0.1385804810887469,0.006012020593217021,-0.14068615940680168,-0.13553860170576443,1.9073486328125e-06,3.814697265625e-05,20,0,0,lir_win,lir_win,0.5359420664721672
product,3/10,crh,20,-0.10825333717567691,-0.10839618192581069,0.00659743905919949,-0.11107804543423701,-0.10541702772643644,1.9073486328125e-06,3.814697265625e-05,20,0,0,lir_win,lir_win,0.6159377521978007
product,3/10,pptd_liang,20,-0.10825333717567691,-0.10839618192581069,0.00659743905919949,-0.11111413697021107,-0.10546144860149928,1.9073486328125e-06,3.814697265625e-05,20,0,0,lir_win,lir_win,0.6159377521978007
product,3/10,tqpp_liu,20,-0.10810941500534062,-0.10825643661069032,0.006597457713165387,-0.11093912303306155,-0.10527321229898343,1.9073486328125e-06,3.814697265625e-05,20,0,0,lir_win,lir_win,0.6159377521978007
product,7/10,crh,20,-0.16123146726151777,-0.16178733210692703,0.00651470958057865,-0.1639797911120656,-0.1584916620491713,1.9073486328125e-06,3.814697265625e-05,20,0,0,lir_win,lir_win,0.4485141519871647
product,7/10,pptd_liang,20,-0.16123146726151777,-0.16178733210692703,0.00651470958057865,-0.16402422877657633,-0.15842117260730146,1.9073486328125e-06,3.814697265625e-05,20,0,0,lir_win,lir_win,0.4485141519871647
product,7/10,tqpp_liu,20,-0.16106978882397313,-0.16161764905834777,0.0065152935154557026,-0.16388126621740687,-0.15819866265228724,1.9073486328125e-06,3.814697265625e-05,20,0,0,lir_win,lir_win,0.4485141519871647
product,9/10,crh,20,-0.14542616348825363,-0.1459776128798318,0.007266172896866194,-0.14844225846414758,-0.14225499302597494,1.9073486328125e-06,3.814697265625e-05,20,0,0,lir_win,lir_win,0.3657112371121134
product,9/10,pptd_liang,20,-0.14542616348825363,-0.1459776128798318,0.007266172896866194,-0.14848130955855293,-0.14225709396706823,1.9073486328125e-06,3.814697265625e-05,20,0,0,lir_win,lir_win,0.3657112371121134
product,9/10,tqpp_liu,20,-0.14533853997201135,-0.14589109617408322,0.007269268845278676,-0.14836087282700092,-0.14213413520083212,1.9073486328125e-06,3.814697265625e-05,20,0,0,lir_win,lir_win,0.3657112371121134
weather,1/10,crh,20,0.005256786839549811,0.005259334911690918,0.00033028934246539127,0.00511175509864257,0.005398236681179287,1.9073486328125e-06,3.814697265625e-05,0,0,20,lir_loss,lir_loss,0.024227832435606864
weather,1/10,pptd_liang,20,0.0009313648486443829,0.0009345655478664111,0.0003237414636277687,0.0007930498913966841,0.0010710032268884,1.9073486328125e-06,3.814697265625e-05,0,0,20,lir_loss,lir_loss,0.024227832435606864
weather,1/10,tqpp_liu,20,-0.05017542870139159,-0.05018413729262449,0.00032885045522653875,-0.050318239208876916,-0.05003563172061474,1.9073486328125e-06,3.814697265625e-05,20,0,0,lir_win,lir_win,0.024227832435606864
weather,1/2,crh,20,-0.06940117568737612,-0.06913633582333341,0.002830826459144951,-0.0705938851094517,-0.06818966335460189,1.9073486328125e-06,3.814697265625e-05,20,0,0,lir_win,lir_win,0.12322462124973992
weather,1/2,pptd_liang,20,-0.05845626435423371,-0.05823788774920872,0.002855995049579232,-0.0596862906560834,-0.0572310661821111,1.9073486328125e-06,3.814697265625e-05,20,0,0,lir_win,lir_win,0.12322462124973992
weather,1/2,tqpp_liu,20,0.06974313526966992,0.06990581769746863,0.0031822588680859368,0.06837130803335742,0.07109331392860384,1.9073486328125e-06,3.814697265625e-05,0,0,20,lir_loss,lir_loss,0.12322462124973992
weather,3/10,crh,20,-0.001227029615333375,-0.0009349712865129277,0.0014505415952445226,-0.0018402675285068503,-0.0005988844901702531,0.0017795562744140625,0.003559112548828125,17,0,3,lir_win,lir_win,0.05286282906501787
weather,3/10,pptd_liang,20,-0.01746920154950035,-0.01721211053877974,0.0014086061235063765,-0.018055249467226454,-0.01686765621803577,1.9073486328125e-06,3.814697265625e-05,20,0,0,lir_win,lir_win,0.05286282906501787
weather,3/10,tqpp_liu,20,-0.0009647697184292283,-0.0006391968180540084,0.0015180301724418061,-0.0016009093781156956,-0.00031189891286592994,0.011705398559570312,0.03511619567871094,14,0,6,lir_win,lir_win,0.05286282906501787
weather,7/10,crh,20,-0.08291105673084696,-0.08257274242920447,0.0030667719585335514,-0.08421880536431665,-0.08159933919147962,1.9073486328125e-06,3.814697265625e-05,20,0,0,lir_win,lir_win,0.1595154677307384
weather,7/10,pptd_liang,20,-0.06589002495494334,-0.06555609909149816,0.0031148424439934193,-0.06720357245724298,-0.06458624571965864,1.9073486328125e-06,3.814697265625e-05,20,0,0,lir_win,lir_win,0.1595154677307384
weather,7/10,tqpp_liu,20,0.1013729810453046,0.1016331443641886,0.003534937576656557,0.09983359477475114,0.10287103218968248,1.9073486328125e-06,3.814697265625e-05,0,0,20,lir_loss,lir_loss,0.1595154677307384
weather,9/10,crh,20,-0.03872640882320287,-0.03866544295882302,0.0014827518993183284,-0.03936258342117511,-0.03808609991990399,1.9073486328125e-06,3.814697265625e-05,20,0,0,lir_win,lir_win,0.24923881960971245
weather,9/10,pptd_liang,20,-0.03843568338952275,-0.038396231470568726,0.00148289009586114,-0.03906355442274885,-0.03781237921062795,1.9073486328125e-06,3.814697265625e-05,20,0,0,lir_win,lir_win,0.24923881960971245
weather,9/10,tqpp_liu,20,0.11169357756007121,0.11178910703401057,0.0017707913702750178,0.11094541300759006,0.11243892265803543,1.9073486328125e-06,3.814697265625e-05,0,0,20,lir_loss,lir_loss,0.24923881960971245
