dataset,selector_seed_index,calibration_count,calibration_mask_sha256
dog,1,41,ad3b53dff4123388ae8554be8fb00a8915c2e1d101466a401b020097c867b2c6
dog,2,43,bbbd235b670e4a629efcdcc7921effbd0bc3b42a8519230c903c9a2cd2a0f788
dog,3,35,9df19df7be576ca1173bf2644d5c4818a8d87b6d5a113830e637f22d59859c44
dog,4,43,481ff8c8de2ece563bc4082330400ec94f3c6483cf48d3e5ddd2a0047fe5dff2
dog,5,37,1396c91fd6e1bad58bceac94bd1ed99b658f40b09ed0d08773bdcfe256e7f08a
dog,6,36,9db38f5212a977602de988b4e86cf3f959c990399de8f080e9aec3eb8e2e112b
dog,7,39,a9926c4aa7c355a5ede41bebb4487751e1248cf58323f439e0c43e57022b2c1a
dog,8,36,b8a4e91028615294b445214c5e815a161a5a45b7ef845523527c221794a8faa4
dog,9,40,d2150153e8b4eb5089e49fe9c2defe3aaa8fd9ce283cdc59a0c0b33007462153
dog,10,42,107fe3706bdde429b4a013d158608c59d2c6759f6e4f035beee76562ddde9b36
dog,11,36,7210797d5a186ca2dbb0cd252be67dd7f12bae96bb00325084903085a754bd5e
dog,12,50,186957ee7ef58e47125c4a49389d751510c0b10fac8c45ca500157ceaaca18fa
dog,13,38,ec8843fdc83bcafc5f9e56ffcc93706a7ae15dc8ad40ce60230442c2e9513c6d
dog,14,38,6aebaa732dbec25dff95f1b67c86b7fd2fafe86468b049bc9ae9cd1d1ed8cf94
dog,15,39,dca8658b0b20a60d6ecc42e657138f155c37c99a48fe77d8a6eaff4250569ae4
dog,16,46,3aa66c1132018ef1485fd5f16c2bf09059ca8ab3ac2a00efc0248dcd764a0d1d
dog,17,23,60ef80cbdf765c1eca63842fc89e522c57085fb3d8fd29bef268ec63cda53e53
dog,18,42,d58a4b6d3239401f18fbab91542963cd69cbbb1e3429a8270bd0375f8b49cefb
dog,19,44,3b744e908ff67dc8af2d9c4e3cccf00793b6bd381646e21153b9fc15c0c70386
dog,20,38,5ef6ad7eff7cf31aca4a4814b5123a89df9c5c3624659177c27c32cbd83e0662
duck,1,2,e7f96d150ca26f0ad0d6f2019bad660ec5b352423ce537d3fcbbafeba94c76d1
duck,2,4,44024264930a710f7dbe90dbf32e1b706680abf6bc9aa8e5d1eed98db3ba2d84
duck,3,4,a6c0da98f2ede334cc77dab9e218cfb2bb14a4dc3b285770cbc2c6dfc8fcee8f
duck,4,4,ac2f927b65ca3b763b5ae50e632be9bb11ccbf928949c54a651c2bace3af2940
duck,5,4,cb5522b8a2029c9ff0d88cadd4bec8bcb51f6d5f5f71bb7e8db497e3336259d2
duck,6,6,6b4af2be9bd0813e63819920375605624c60f1ef9f17a9f8f3ad5ecf46a0c451
duck,7,3,8d9edaf8665352a908a87a962011d05a06d6cebda33372fd1402aa1aee499d50
duck,8,7,2e25587a1b976caeb648bdd40d33fc3690a88406558181a8cde2a77889f3a16e
duck,9,5,4a9ad6f1f76ca44311b7ef796333ac7c3beae0b6994d046beb2c18a84ffaafa2
duck,10,3,76f8b00c4af15eea0315119f08190f35ae684064095c1a54568bc145c7472fc8
duck,11,4,9895d28953d1817577de555c3bad406e22a540e084db98c926897909c0bbab24
duck,12,10,b3b23f809656810cbc797446199a8800d76bd26b3f5949befd6c28fd7246957e
duck,13,7,20650eb3f7d85b9febf7a4915665b8ac7b8e9fa2c6ab9a50433b1044a41e71d1
duck,14,8,630f0e1429ce2df2b5704f2e916a006c084183e847371fb2ff7a219d2ca0b40c
duck,15,7,aa07e0abed712dbd17b3b3852ba9fd2ebad2808098ee434556195fc0b1512588
duck,16,8,d6192b28b4d0ed957ee1685a9e3682950237ea75f9abe02e740a0a1732205a59
duck,17,3,98adabe34d040de3cdaf56e1984dee561df5d80e2c8b782b9d921d884c60376d
duck,18,11,69304b71981793eeb0410417e74c4371d755cae65c7c3c46036a2e49197cd063
duck,19,5,97abd8155697ebba4908d2d783abc117d70eaf220d8187866fd53ec2928fcb9e
duck,20,4,bcad5e56f9427dbd61bc0b380b03766ad7d27660225b406aafb47b3b72b98c4c
product,1,455,9c1fbeed9634e358b4ef9b249fd097f3df5211e1d98a6fc5960eef715bfb2c48
product,2,450,bd3ef3a314d637d702464546f821967f4508638872589252905e65908ed9625e
product,3,441,4ba9dfc6b854e090242c3b0624f0ba9bcc6cdc807db1d6b9025d45f54efb72f9
product,4,423,2dc8794e216a9eb9dc7d6cd344fdbf9766f36c84e94f1c71104d0251c0a25aa3
product,5,421,5d9f2b61cf1bab95fe16d0cab1b9b5751d65c298f6c14d6b8a457679209be195
product,6,411,79b0d999916a35a454a6a630badbb48449a071e2fd87927340a77537372169be
product,7,437,bc202763ac07bf5163cba3be8bfcc1b128ee73af41dad734b6d3c6f9eebcefa9
product,8,432,af6bf203b7e1d9f0165b6913cf96c98490142f77cadc8254c3c85df5a82f647d
product,9,430,5dc35782a3ce508737110b59a7c7f36f82d13c0321e0696599f37134130d915e
product,10,413,081214c4ed3b130ad2a9e1ef1779e8aaa9169dfac39bb9b8f60d19989795a66c
product,11,420,98a03ab64fb9d64fe5e9eb8e52ba498c5710a2b54946c3e087d3b39655d860a9
product,12,462,0c336127ac973a21991dbf7d44bceb639c732e525d2947c4a7261450ba7838b4
product,13,417,12c7eb681e0617b4a087d85a921eee132ea808f66e666fc8ac1cc5af4f637efa
product,14,443,2db6ecea7eb199a7512ee5f12f27337cd9ac6c79b06d887e2ad56b29f52476c9
product,15,408,4c2364ccd8112db2fb976c452b830876d09700f3308448d95ff915fd751d1e4f
product,16,385,d56f1d5e0f58095d7008634e1e199bdc1691c301555c1a91ea916072a8f502cd
product,17,385,afa032a5ec111863a4653d01f983a9fec1f858fd483b8f40b6720591cd306c0c
product,18,432,5a599b6de0c05718daf1bee988c5b7fc4fa8ba0a10bdd028a042b1f21ccdffc4
product,19,411,f0f103435029ef271da946c5e90007b269d801342e8a0169396d2bde3636754e
product,20,410,c43f3c95c2742bedf558af9d770cd9ed6c29f0355e64dcca16b0d9735ecd56d5
weather,1,94,330695378f9f69ecba0efaadae789d1d202d685d85bfdcdd8faae75e3f074e58
weather,2,96,5178069b4d240dc49e2569e51d0fb1e42fe4d57030ce13d819e27a4dce6ca0a2
weather,3,94,73dea6c3a1ec681ed911c36f2cee51626b8a76c98d3b5080334791fc1330ee02
weather,4,85,ce91ece58cbeddd132a1b2eceb2a2419d670c1285b96ca0c4402d5872567527a
weather,5,84,3b4ac5630dfdcd77bc6e736698e80d1fc4b486e1ca08b460eac1f4bd1ee97b5d
weather,6,82,6011b009e6f90039c0d57e22a175bcee829c6c5c4b647f76ee065e680f100ab9
weather,7,76,10e6e2262b929233fcf6f132847db0df605563fbab065dedf8751df3498f4351
weather,8,114,9524c0842ab48c0bdda1f131102323aaf4f8fc6f0c8a72eafe7670d344d799b9
weather,9,74,ed2343feb6768f1110098c60079d3e3bd61f589fa28959c691e908f59b8eea44
weather,10,85,d45a84527445ab680da9e03c792f552e8eb833d181fe22508ac327f0fab8010e
weather,11,92,2d8c307eb0f46144979c10513508bdb251ec7649fcc78c8eaadcfa01b9790b70
weather,12,85,d262f48a3f6fec27867c4c882744ac18c645c40abec5aec85950bbbca989d714
weather,13,97,3d9718aac9bf4b70094721bf7e45f581d1a60b6f4ea6a4130ca73ba8543844b2
weather,14,73,8e58cea748d8dd23ee95af48b0c6d6925965e0191cd62e0de51e44325a3e732b
weather,15,85,d6028e95473c06f57e3546a8274679c10c629e8468b2aa9d801621a81ab6ee40
weather,16,98,91ed2e3c15e22399c32e817c490776d8c2504286ab63e9b097ebc71b5fd97397
weather,17,101,1c8f3d1f945ff78669e955ac7352f83074b252d2b6aab72235a802668d412bf2
weather,18,85,67da569baf4ecf5d4183eaa3b485f02fd4bbe0722b839d9fd9614f55f3dc0ba6
weather,19,85,5d104694dab7d0e2c760d85cf204a8ef43c140fd9c71210be455658bd8c9e9bb
weather,20,79,0f5e7f57eedc299e3885e85193e21d5c272a422a144939f6a4cc420c73ec4dab
