family,comparator,n,full_mean_loss,comparator_mean_loss,mean_delta_full_minus_comparator,ci_low,ci_high,raw_p,rank_biserial,dataset,rho,holm_p,holm_significant,direction,holm_direction,attack,scenario
A1-persistent-ratio,Tuned-EMA-TL,20,0.17598711116756138,0.17991801743452074,-0.003930906266959354,-0.00559803677568513,-0.0021967762159171766,0.0004520416259765625,-0.8380952380952381,dog,1/10,0.002712249755859375,True,full_win,full_win,,
A1-persistent-ratio,Tuned-EMA-TL,20,0.41065705849890827,0.3740402160461466,0.03661684245276166,0.03199711782726786,0.04127272273958153,1.9073486328125e-06,1.0,dog,1/2,3.814697265625e-05,True,comparator_win,comparator_win,,
A1-persistent-ratio,Tuned-EMA-TL,20,0.2445972756710702,0.2334972166263439,0.011100059044726288,0.007023627837207068,0.015149461825758034,8.96453857421875e-05,0.8952380952380953,dog,3/10,0.0006275177001953125,True,comparator_win,comparator_win,,
A1-persistent-ratio,Tuned-EMA-TL,20,0.6720027106281552,0.6288193494725862,0.04318336115556895,0.035812580308516626,0.05070615493750568,1.9073486328125e-06,1.0,dog,7/10,3.814697265625e-05,True,comparator_win,comparator_win,,
A1-persistent-ratio,Tuned-EMA-TL,20,0.8672956168832799,0.844662541064477,0.022633075818802906,0.01888332393731464,0.02660319547571039,1.9073486328125e-06,1.0,dog,9/10,3.814697265625e-05,True,comparator_win,comparator_win,,
A1-persistent-ratio,Tuned-EMA-TL,20,0.26298076923076924,0.26634615384615384,-0.003365384615384612,-0.007211538461538438,1.3448443747510135e-17,0.08984375,-0.6666666666666666,duck,1/10,0.26953125,False,full_win,not_significant,,
A1-persistent-ratio,Tuned-EMA-TL,20,0.36153846153846153,0.30865384615384617,0.05288461538461539,0.029807692307692323,0.07741586538461523,4.57763671875e-05,0.9142857142857143,duck,1/2,0.0003662109375,True,comparator_win,comparator_win,,
A1-persistent-ratio,Tuned-EMA-TL,20,0.2668269230769231,0.2605769230769231,0.006249999999999997,-0.00048076923076923356,0.012980769230769209,0.1002197265625,0.49264705882352944,duck,3/10,0.26953125,False,comparator_win,not_significant,,
A1-persistent-ratio,Tuned-EMA-TL,20,0.5158653846153846,0.3956730769230769,0.12019230769230768,0.09615384615384613,0.1456730769230769,1.9073486328125e-06,1.0,duck,7/10,3.814697265625e-05,True,comparator_win,comparator_win,,
A1-persistent-ratio,Tuned-EMA-TL,20,0.7668269230769231,0.6879807692307692,0.07884615384615384,0.05528846153846151,0.10240384615384615,9.5367431640625e-06,0.9619047619047619,duck,9/10,8.58306884765625e-05,True,comparator_win,comparator_win,,
A1-persistent-ratio,Tuned-EMA-TL,20,0.2544245878195836,0.25839540729538657,-0.00397081947580291,-0.005284600705870395,-0.002774942560770387,3.814697265625e-06,-0.9904761904761905,product,1/10,3.814697265625e-05,True,full_win,full_win,,
A1-persistent-ratio,Tuned-EMA-TL,20,0.44886183480215835,0.44183019684912894,0.007031637953029439,0.0054266667502210954,0.008625646630481536,1.9073486328125e-06,1.0,product,1/2,3.814697265625e-05,True,comparator_win,comparator_win,,
A1-persistent-ratio,Tuned-EMA-TL,20,0.3527798091678218,0.35245118287752375,0.00032862629029805,-0.0015406746094908086,0.0022309776088718573,0.7405757904052734,0.05714285714285714,product,3/10,0.7405757904052734,False,comparator_win,not_significant,,
A1-persistent-ratio,Tuned-EMA-TL,20,0.5328119215139975,0.5234707670298427,0.009341154484154731,0.0077715447399232425,0.010933496532172187,1.9073486328125e-06,1.0,product,7/10,3.814697265625e-05,True,comparator_win,comparator_win,,
A1-persistent-ratio,Tuned-EMA-TL,20,0.6962678290411464,0.6839577650569708,0.012310063984175425,0.010992670097908684,0.013653882113788726,1.9073486328125e-06,1.0,product,9/10,3.814697265625e-05,True,comparator_win,comparator_win,,
A1-persistent-ratio,Tuned-EMA-TL,9,0.026135729507002044,0.027717313227529676,-0.0015815837205276303,-0.0017149696976876596,-0.0014480583063168227,0.00390625,-1.0,weather,1/10,0.01953125,True,full_win,full_win,,
A1-persistent-ratio,Tuned-EMA-TL,20,0.11063552227766446,0.12243106110495224,-0.011795538827287783,-0.0121918002549425,-0.011371652066426706,1.9073486328125e-06,-1.0,weather,1/2,3.814697265625e-05,True,full_win,full_win,,
A1-persistent-ratio,Tuned-EMA-TL,20,0.053985505764184226,0.06079005747418289,-0.006804551709998665,-0.007123098864944062,-0.006451418138223301,1.9073486328125e-06,-1.0,weather,3/10,3.814697265625e-05,True,full_win,full_win,,
A1-persistent-ratio,Tuned-EMA-TL,20,0.1507228709827862,0.16291006472631073,-0.012187193743524541,-0.01266790881948077,-0.011706723262259263,1.9073486328125e-06,-1.0,weather,7/10,3.814697265625e-05,True,full_win,full_win,,
A1-persistent-ratio,Tuned-EMA-TL,9,0.2464817411156145,0.2505766520538758,-0.004094910938261338,-0.004915584567146161,-0.0032787895806816215,0.00390625,-1.0,weather,9/10,0.01953125,True,full_win,full_win,,
A2-attack-rho07,Tuned-EMA-TL,20,0.6077221671839448,0.5424349351898028,0.06528723199414208,0.0602363607413028,0.07020165985081028,1.9073486328125e-06,1.0,dog,,2.288818359375e-05,True,comparator_win,comparator_win,collusive,
A2-attack-rho07,Tuned-EMA-TL,20,0.4034920792229338,0.3929515940882917,0.010540485134642102,0.007488261320115615,0.013666270775424314,1.1444091796875e-05,0.9619047619047619,dog,,6.866455078125e-05,True,comparator_win,comparator_win,on_off,
A2-attack-rho07,Tuned-EMA-TL,20,0.32001345843027845,0.3092328903985852,0.010780568031693246,0.007206842865623233,0.014101814966945476,6.866455078125e-05,0.8952380952380953,dog,,0.00034332275390625,True,comparator_win,comparator_win,random,
A2-attack-rho07,Tuned-EMA-TL,20,0.46153846153846156,0.46153846153846156,0.0,0.0,0.0,1.0,0.0,duck,,1.0,False,tie,not_significant,collusive,
A2-attack-rho07,Tuned-EMA-TL,20,0.3591346153846154,0.35625,0.0028846153846153813,0.0004807692307692315,0.005288461538461531,0.0546875,0.7222222222222222,duck,,0.1640625,False,comparator_win,not_significant,on_off,
A2-attack-rho07,Tuned-EMA-TL,20,0.3,0.2932692307692307,0.006730769230769234,2.5999168096202416e-18,0.012980769230769226,0.0638427734375,0.5238095238095238,duck,,0.1640625,False,comparator_win,not_significant,random,
A2-attack-rho07,Tuned-EMA-TL,20,0.3970428955325053,0.39930997692176584,-0.0022670813892605,-0.0031834089785073047,-0.001373062834413547,0.0001163482666015625,-0.8952380952380953,product,,0.00046539306640625,True,full_win,full_win,collusive,
A2-attack-rho07,Tuned-EMA-TL,20,0.2868380899652218,0.29029600911966924,-0.003457919154447434,-0.004061306592361732,-0.002852770774044022,1.9073486328125e-06,-1.0,product,,2.288818359375e-05,True,full_win,full_win,on_off,
A2-attack-rho07,Tuned-EMA-TL,20,0.3979146518854342,0.40621176760062633,-0.008297115715192123,-0.010124926633664834,-0.006459400951378937,3.814697265625e-06,-0.9904761904761905,product,,2.6702880859375e-05,True,full_win,full_win,random,
A2-attack-rho07,Tuned-EMA-TL,20,0.21025692780083283,0.24330006993466968,-0.033043142133836884,-0.034415377611546505,-0.03155633067612827,1.9073486328125e-06,-1.0,weather,,2.288818359375e-05,True,full_win,full_win,collusive,
A2-attack-rho07,Tuned-EMA-TL,20,0.17251276863167808,0.18468923282283867,-0.012176464191160601,-0.013602039222240512,-0.010733625580988742,1.9073486328125e-06,-1.0,weather,,2.288818359375e-05,True,full_win,full_win,on_off,
A2-attack-rho07,Tuned-EMA-TL,20,0.08436350634259707,0.09172210157707732,-0.007358595234480247,-0.0077664590354300424,-0.006950876675199353,1.9073486328125e-06,-1.0,weather,,2.288818359375e-05,True,full_win,full_win,random,
A3-behavior-switch,Tuned-EMA-TL,15,0.6879301827613504,0.646155916814527,0.04177426594682343,0.034819048920919714,0.0492186806028804,6.103515625e-05,1.0,dog,,0.00048828125,True,comparator_win,comparator_win,,benign_to_malicious
A3-behavior-switch,Tuned-EMA-TL,15,0.17037554761294746,0.16849116627672173,0.001884381336225736,-0.0008063514485394936,0.004837815482610315,0.2330322265625,0.25,dog,,0.65625,False,comparator_win,not_significant,,malicious_to_benign
A3-behavior-switch,Tuned-EMA-TL,15,0.6185185185185186,0.6271604938271605,-0.008641975308641987,-0.014814814814814833,-0.0037037037037037,0.03125,-1.0,duck,,0.15625,False,full_win,not_significant,,benign_to_malicious
A3-behavior-switch,Tuned-EMA-TL,15,0.3444444444444444,0.337037037037037,0.007407407407407405,-0.0012345679012345733,0.01728395061728395,0.21875,0.4722222222222222,duck,,0.65625,False,comparator_win,not_significant,,malicious_to_benign
A3-behavior-switch,Tuned-EMA-TL,15,0.5551976983902827,0.5402335216902728,0.014964176700009825,0.012056492069465156,0.018015333482332238,6.103515625e-05,1.0,product,,0.00048828125,True,comparator_win,comparator_win,,benign_to_malicious
A3-behavior-switch,Tuned-EMA-TL,15,0.2316128810030732,0.234130769308211,-0.002517888305137803,-0.004739294320674927,-0.0003272250153579913,0.0496826171875,-0.5666666666666667,product,,0.19873046875,False,full_win,not_significant,,malicious_to_benign
A3-behavior-switch,Tuned-EMA-TL,15,0.15958319817989589,0.16426607208642496,-0.0046828739065291,-0.005845054904997464,-0.0034205126606734453,0.0001220703125,-0.9833333333333333,weather,,0.000732421875,True,full_win,full_win,,benign_to_malicious
A3-behavior-switch,Tuned-EMA-TL,15,0.025011894588222873,0.02495026797665246,6.1626611570411e-05,-0.00038346296355045513,0.0005174835399306979,0.8021240234375,0.03333333333333333,weather,,0.8021240234375,False,comparator_win,not_significant,,malicious_to_benign
A1-persistent-ratio,Window-COWA,20,0.17598711116756138,0.18034545571759394,-0.0043583445500325725,-0.006671195472784979,-0.0019873780885280024,0.0031223297119140625,-0.7142857142857143,dog,1/10,0.009366989135742188,True,full_win,full_win,,
A1-persistent-ratio,Window-COWA,20,0.41065705849890827,0.35097892128879915,0.059678137210109165,0.05393202946037472,0.0652768186904399,1.9073486328125e-06,1.0,dog,1/2,3.814697265625e-05,True,comparator_win,comparator_win,,
A1-persistent-ratio,Window-COWA,20,0.2445972756710702,0.22964362018675394,0.014953655484316248,0.010380827817665582,0.019384211205530577,2.47955322265625e-05,0.9428571428571428,dog,3/10,0.000148773193359375,True,comparator_win,comparator_win,,
A1-persistent-ratio,Window-COWA,20,0.6720027106281552,0.5899558186687864,0.08204689195936876,0.0745313127033887,0.08941922654189846,1.9073486328125e-06,1.0,dog,7/10,3.814697265625e-05,True,comparator_win,comparator_win,,
A1-persistent-ratio,Window-COWA,20,0.8672956168832799,0.8230536124872632,0.044242004396016776,0.03845920262750703,0.05038960362926801,1.9073486328125e-06,1.0,dog,9/10,3.814697265625e-05,True,comparator_win,comparator_win,,
A1-persistent-ratio,Window-COWA,20,0.26298076923076924,0.25576923076923075,0.00721153846153846,0.0038461538461538416,0.01009615384615386,0.001251220703125,0.7254901960784313,duck,1/10,0.0050048828125,True,comparator_win,comparator_win,,
A1-persistent-ratio,Window-COWA,20,0.36153846153846153,0.2730769230769231,0.08846153846153845,0.05721153846153846,0.12212740384615368,3.814697265625e-06,0.9904761904761905,duck,1/2,3.814697265625e-05,True,comparator_win,comparator_win,,
A1-persistent-ratio,Window-COWA,20,0.2668269230769231,0.24807692307692308,0.018749999999999985,0.010096153846153817,0.027884615384615376,0.000885009765625,0.8431372549019608,duck,3/10,0.004425048828125,True,comparator_win,comparator_win,,
A1-persistent-ratio,Window-COWA,20,0.5158653846153846,0.3274038461538461,0.18846153846153846,0.1548076923076923,0.22403846153846155,1.9073486328125e-06,1.0,duck,7/10,3.814697265625e-05,True,comparator_win,comparator_win,,
A1-persistent-ratio,Window-COWA,20,0.7668269230769231,0.5514423076923076,0.21538461538461537,0.19375,0.23557692307692307,1.9073486328125e-06,1.0,duck,9/10,3.814697265625e-05,True,comparator_win,comparator_win,,
A1-persistent-ratio,Window-COWA,20,0.2544245878195836,0.24615534162707547,0.008269246192508168,0.006775981628184242,0.009785300677687401,1.9073486328125e-06,1.0,product,1/10,3.814697265625e-05,True,comparator_win,comparator_win,,
A1-persistent-ratio,Window-COWA,20,0.44886183480215835,0.42024786436937484,0.02861397043278357,0.026667544835336354,0.030677476101754652,1.9073486328125e-06,1.0,product,1/2,3.814697265625e-05,True,comparator_win,comparator_win,,
A1-persistent-ratio,Window-COWA,20,0.3527798091678218,0.3307125526568673,0.022067256510954546,0.019742565874792527,0.024447812005656988,1.9073486328125e-06,1.0,product,3/10,3.814697265625e-05,True,comparator_win,comparator_win,,
A1-persistent-ratio,Window-COWA,20,0.5328119215139975,0.5011487732384854,0.03166314827551212,0.02974755222232742,0.033469826525075325,1.9073486328125e-06,1.0,product,7/10,3.814697265625e-05,True,comparator_win,comparator_win,,
A1-persistent-ratio,Window-COWA,20,0.6962678290411464,0.6621592647866995,0.03410856425444683,0.032935827146591656,0.035433336557530705,1.9073486328125e-06,1.0,product,9/10,3.814697265625e-05,True,comparator_win,comparator_win,,
A1-persistent-ratio,Window-COWA,9,0.026135729507002044,0.03105112815629063,-0.004915398649288586,-0.005694213341856486,-0.004213824462581612,0.00390625,-1.0,weather,1/10,0.009366989135742188,True,full_win,full_win,,
A1-persistent-ratio,Window-COWA,20,0.11063552227766446,0.12769829342772407,-0.017062771150059608,-0.01861325978704574,-0.01558552534989198,1.9073486328125e-06,-1.0,weather,1/2,3.814697265625e-05,True,full_win,full_win,,
A1-persistent-ratio,Window-COWA,20,0.053985505764184226,0.07272301911787354,-0.01873751335368932,-0.019540856545429204,-0.01790749567024254,1.9073486328125e-06,-1.0,weather,3/10,3.814697265625e-05,True,full_win,full_win,,
A1-persistent-ratio,Window-COWA,20,0.1507228709827862,0.15914664465032374,-0.008423773667537554,-0.01048370414070309,-0.006428401847464718,1.9073486328125e-06,-1.0,weather,7/10,3.814697265625e-05,True,full_win,full_win,,
A1-persistent-ratio,Window-COWA,9,0.2464817411156145,0.23798783198699644,0.008493909128618027,0.006776282375025683,0.010490929493464798,0.00390625,1.0,weather,9/10,0.009366989135742188,True,comparator_win,comparator_win,,
A2-attack-rho07,Window-COWA,20,0.6077221671839448,0.4805776517788276,0.12714451540511715,0.11874693186071185,0.13504557429495156,1.9073486328125e-06,1.0,dog,,2.288818359375e-05,True,comparator_win,comparator_win,collusive,
A2-attack-rho07,Window-COWA,20,0.4034920792229338,0.389040458750774,0.014451620472159879,0.008674117290894467,0.020570828120112124,9.918212890625e-05,0.8761904761904762,dog,,0.00089263916015625,True,comparator_win,comparator_win,on_off,
A2-attack-rho07,Window-COWA,20,0.32001345843027845,0.30864575512375414,0.011367703306524283,0.006025312448502605,0.016417943660462574,0.0008831024169921875,0.7904761904761904,dog,,0.0070648193359375,True,comparator_win,comparator_win,random,
A2-attack-rho07,Window-COWA,20,0.46153846153846156,0.46153846153846156,0.0,0.0,0.0,1.0,0.0,duck,,1.0,False,tie,not_significant,collusive,
A2-attack-rho07,Window-COWA,20,0.3591346153846154,0.3557692307692308,0.003365384615384605,0.0014423076923076876,0.005288461538461525,0.015625,1.0,duck,,0.0625,False,comparator_win,not_significant,on_off,
A2-attack-rho07,Window-COWA,20,0.3,0.28365384615384615,0.01634615384615384,0.007211538461538459,0.025,0.003570556640625,0.7450980392156863,duck,,0.024993896484375,True,comparator_win,comparator_win,random,
A2-attack-rho07,Window-COWA,20,0.3970428955325053,0.399031578038394,-0.0019886825058886746,-0.0038045822437296774,-6.49418140332791e-05,0.05864524841308594,-0.4666666666666667,product,,0.1759357452392578,False,full_win,not_significant,collusive,
A2-attack-rho07,Window-COWA,20,0.2868380899652218,0.2887199524304367,-0.001881862465214854,-0.0030733830496028386,-0.0006279306323185552,0.010370254516601562,-0.6476190476190476,product,,0.05185127258300781,False,full_win,not_significant,on_off,
A2-attack-rho07,Window-COWA,20,0.3979146518854342,0.3993100863846101,-0.001395434499175933,-0.0037062926505672775,0.0009085179598549297,0.26557159423828125,-0.29523809523809524,product,,0.5311431884765625,False,full_win,not_significant,random,
A2-attack-rho07,Window-COWA,20,0.21025692780083283,0.2552145932994013,-0.044957665498568514,-0.047594697051886986,-0.04216184153725028,1.9073486328125e-06,-1.0,weather,,2.288818359375e-05,True,full_win,full_win,collusive,
A2-attack-rho07,Window-COWA,20,0.17251276863167808,0.16957152379296014,0.0029412448387179354,0.0010483276986505046,0.004884096255433205,0.008266448974609375,0.580952380952381,weather,,0.04959869384765625,True,comparator_win,comparator_win,on_off,
A2-attack-rho07,Window-COWA,20,0.08436350634259707,0.105096172549521,-0.02073266620692393,-0.02211914446736496,-0.019264024470479025,1.9073486328125e-06,-1.0,weather,,2.288818359375e-05,True,full_win,full_win,random,
A3-behavior-switch,Window-COWA,15,0.6879301827613504,0.6343631791570193,0.05356700360433107,0.04444892562222114,0.06390004064415418,6.103515625e-05,1.0,dog,,0.00048828125,True,comparator_win,comparator_win,,benign_to_malicious
A3-behavior-switch,Window-COWA,15,0.17037554761294746,0.17951233570235525,-0.00913678808940778,-0.012129214920727853,-0.005926455927905245,0.00042724609375,-0.9166666666666666,dog,,0.0025634765625,True,full_win,full_win,,malicious_to_benign
A3-behavior-switch,Window-COWA,15,0.6185185185185186,0.628395061728395,-0.00987654320987656,-0.018518518518518545,-7.170190367370803e-18,0.0859375,-0.6444444444444445,duck,,0.34375,False,full_win,not_significant,,benign_to_malicious
A3-behavior-switch,Window-COWA,15,0.3444444444444444,0.3395061728395062,0.0049382716049382646,-0.007407407407407387,0.01728395061728395,0.5234375,0.24444444444444444,duck,,1.0,False,comparator_win,not_significant,,malicious_to_benign
A3-behavior-switch,Window-COWA,15,0.5551976983902827,0.5354422431681242,0.0197554552221584,0.016198055595018686,0.02345684096414455,6.103515625e-05,1.0,product,,0.00048828125,True,comparator_win,comparator_win,,benign_to_malicious
A3-behavior-switch,Window-COWA,15,0.2316128810030732,0.23608532978759242,-0.00447244878451924,-0.006790318983011253,-0.0022727506541776066,0.0013427734375,-0.9,product,,0.0067138671875,True,full_win,full_win,,malicious_to_benign
A3-behavior-switch,Window-COWA,15,0.15958319817989589,0.1600654485363031,-0.0004822503564072627,-0.003492754390629116,0.002604044823253903,0.76617431640625,-0.06666666666666667,weather,,1.0,False,full_win,not_significant,,benign_to_malicious
A3-behavior-switch,Window-COWA,15,0.025011894588222873,0.025307428322411465,-0.00029553373418859767,-0.0007665147832944036,0.0001747568769229606,0.25469970703125,-0.36666666666666664,weather,,0.76409912109375,False,full_win,not_significant,,malicious_to_benign
